"","NGenes","PropDown","PropUp","Direction","PValue","FDR"
"GO_MHC_CLASS_II_RECEPTOR_ACTIVITY",6,0,0.833333333333333,"Up",0.001,0.00417567567567568
"GO_MHC_CLASS_II_PROTEIN_COMPLEX_BINDING",14,0.0714285714285714,0.714285714285714,"Up",0.001,0.00417567567567568
"GO_IGG_BINDING",7,0,0.714285714285714,"Up",0.001,0.00417567567567568
"GO_MHC_PROTEIN_COMPLEX_BINDING",16,0.0625,0.6875,"Up",0.001,0.00417567567567568
"GO_CCR_CHEMOKINE_RECEPTOR_BINDING",25,0.04,0.68,"Up",0.001,0.00417567567567568
"GO_G_PROTEIN_COUPLED_NUCLEOTIDE_RECEPTOR_ACTIVITY",12,0,0.666666666666667,"Up",0.001,0.00417567567567568
"GO_NEUREXIN_FAMILY_PROTEIN_BINDING",12,0.666666666666667,0.0833333333333333,"Down",0.001,0.00417567567567568
"GO_G_PROTEIN_COUPLED_CHEMOATTRACTANT_RECEPTOR_ACTIVITY",20,0.1,0.65,"Up",0.001,0.00417567567567568
"GO_SIGNALING_PATTERN_RECOGNITION_RECEPTOR_ACTIVITY",17,0,0.647058823529412,"Up",0.001,0.00417567567567568
"GO_MANNOSIDASE_ACTIVITY",14,0.142857142857143,0.642857142857143,"Up",0.001,0.00417567567567568
"GO_IMMUNOGLOBULIN_RECEPTOR_BINDING",14,0,0.642857142857143,"Up",0.001,0.00417567567567568
"GO_PHOSPHATIDYLINOSITOL_5_PHOSPHATE_BINDING",11,0.636363636363636,0.0909090909090909,"Down",0.001,0.00417567567567568
"GO_PHOSPHATIDYLINOSITOL_3_5_BISPHOSPHATE_BINDING",19,0.631578947368421,0.0526315789473684,"Down",0.001,0.00417567567567568
"GO_CAMP_BINDING",21,0.619047619047619,0.0476190476190476,"Down",0.001,0.00417567567567568
"GO_PEPTIDOGLYCAN_BINDING",10,0,0.6,"Up",0.001,0.00417567567567568
"GO_C_C_CHEMOKINE_RECEPTOR_ACTIVITY",10,0.2,0.6,"Up",0.001,0.00417567567567568
"GO_PEPTIDE_ANTIGEN_BINDING",17,0.0588235294117647,0.588235294117647,"Up",0.001,0.00417567567567568
"GO_GLUCOSE_BINDING",12,0.0833333333333333,0.583333333333333,"Up",0.001,0.00417567567567568
"GO_NUCLEOTIDE_RECEPTOR_ACTIVITY",19,0.0526315789473684,0.578947368421053,"Up",0.001,0.00417567567567568
"GO_MAP_KINASE_PHOSPHATASE_ACTIVITY",14,0.0714285714285714,0.571428571428571,"Up",0.001,0.00417567567567568
"GO_HEXOSAMINIDASE_ACTIVITY",14,0.142857142857143,0.571428571428571,"Up",0.001,0.00417567567567568
"GO_CHEMOKINE_RECEPTOR_BINDING",42,0.119047619047619,0.547619047619048,"Up",0.001,0.00417567567567568
"GO_CHEMOKINE_ACTIVITY",33,0.121212121212121,0.545454545454545,"Up",0.001,0.00417567567567568
"GO_MICROTUBULE_SEVERING_ATPASE_ACTIVITY",11,0.545454545454545,0.0909090909090909,"Down",0.001,0.00417567567567568
"GO_INTRAMOLECULAR_OXIDOREDUCTASE_ACTIVITY_INTERCONVERTING_ALDOSES_AND_KETOSES",11,0.0909090909090909,0.545454545454545,"Up",0.001,0.00417567567567568
"GO_MHC_PROTEIN_BINDING",26,0.0384615384615385,0.538461538461538,"Up",0.001,0.00417567567567568
"GO_CHEMOKINE_BINDING",15,0.0666666666666667,0.533333333333333,"Up",0.001,0.00417567567567568
"GO_CARBOHYDRATE_KINASE_ACTIVITY",19,0.157894736842105,0.526315789473684,"Up",0.001,0.00417567567567568
"GO_PURINERGIC_RECEPTOR_ACTIVITY",23,0.0434782608695652,0.521739130434783,"Up",0.001,0.00417567567567568
"GO_ANTIGEN_BINDING",65,0.0461538461538462,0.507692307692308,"Up",0.001,0.00417567567567568
"GO_NF_KAPPAB_BINDING",28,0.107142857142857,0.5,"Up",0.001,0.00417567567567568
"GO_PLATELET_DERIVED_GROWTH_FACTOR_RECEPTOR_BINDING",14,0.0714285714285714,0.5,"Up",0.001,0.00417567567567568
"GO_METALLOENDOPEPTIDASE_INHIBITOR_ACTIVITY",14,0.5,0.142857142857143,"Down",0.001,0.00417567567567568
"GO_LIPASE_ACTIVATOR_ACTIVITY",12,0.166666666666667,0.5,"Up",0.001,0.00417567567567568
"GO_FOLIC_ACID_BINDING",10,0.1,0.5,"Up",0.001,0.00417567567567568
"GO_SUPEROXIDE_GENERATING_NADPH_OXIDASE_ACTIVITY",8,0.125,0.5,"Up",0.001,0.00417567567567568
"GO_NON_MEMBRANE_SPANNING_PROTEIN_TYROSINE_KINASE_ACTIVITY",45,0.2,0.488888888888889,"Up",0.001,0.00417567567567568
"GO_PHOSPHATIDYLINOSITOL_3_PHOSPHATE_BINDING",29,0.482758620689655,0.172413793103448,"Down",0.001,0.00417567567567568
"GO_MITOGEN_ACTIVATED_PROTEIN_KINASE_BINDING",23,0.130434782608696,0.478260869565217,"Up",0.001,0.00417567567567568
"GO_CYTOKINE_RECEPTOR_ACTIVITY",82,0.146341463414634,0.475609756097561,"Up",0.001,0.00417567567567568
"GO_INTERLEUKIN_1_RECEPTOR_BINDING",15,0.0666666666666667,0.466666666666667,"Up",0.001,0.00417567567567568
"GO_PHOSPHOTYROSINE_BINDING",15,0,0.466666666666667,"Up",0.001,0.00417567567567568
"GO_CYTOKINE_BINDING",85,0.164705882352941,0.458823529411765,"Up",0.001,0.00417567567567568
"GO_INOSITOL_TRISPHOSPHATE_KINASE_ACTIVITY",9,0.111111111111111,0.444444444444444,"Up",0.001,0.00417567567567568
"GO_IMMUNOGLOBULIN_BINDING",16,0,0.4375,"Up",0.001,0.00417567567567568
"GO_MANNOSE_BINDING",16,0.125,0.4375,"Up",0.001,0.00417567567567568
"GO_MHC_CLASS_I_PROTEIN_BINDING",16,0.0625,0.4375,"Up",0.001,0.00417567567567568
"GO_LIPOPROTEIN_PARTICLE_RECEPTOR_ACTIVITY",16,0.125,0.4375,"Up",0.001,0.00417567567567568
"GO_SERINE_TYPE_CARBOXYPEPTIDASE_ACTIVITY",14,0.214285714285714,0.428571428571429,"Up",0.001,0.00417567567567568
"GO_RAB_GUANYL_NUCLEOTIDE_EXCHANGE_FACTOR_ACTIVITY",26,0.115384615384615,0.423076923076923,"Up",0.001,0.00417567567567568
"GO_PHOSPHATIDYLINOSITOL_3_4_BISPHOSPHATE_BINDING",19,0.263157894736842,0.421052631578947,"Up",0.001,0.00417567567567568
"GO_ASPARTIC_TYPE_PEPTIDASE_ACTIVITY",19,0.105263157894737,0.421052631578947,"Up",0.001,0.00417567567567568
"GO_PHOSPHATIDYLINOSITOL_4_PHOSPHATE_BINDING",19,0.421052631578947,0.0526315789473684,"Down",0.001,0.00417567567567568
"GO_HYDROLASE_ACTIVITY_HYDROLYZING_O_GLYCOSYL_COMPOUNDS",86,0.127906976744186,0.418604651162791,"Up",0.001,0.00417567567567568
"GO_CYCLIC_NUCLEOTIDE_PHOSPHODIESTERASE_ACTIVITY",24,0.416666666666667,0.0416666666666667,"Down",0.001,0.00417567567567568
"GO_MYOSIN_HEAVY_CHAIN_BINDING",12,0,0.416666666666667,"Up",0.001,0.00417567567567568
"GO_CALCIUM_DEPENDENT_PROTEIN_KINASE_ACTIVITY",12,0.166666666666667,0.416666666666667,"Up",0.001,0.00417567567567568
"GO_MAP_KINASE_KINASE_ACTIVITY",12,0.333333333333333,0.416666666666667,"Up",0.001,0.00417567567567568
"GO_ANGIOTENSIN_RECEPTOR_BINDING",12,0,0.416666666666667,"Up",0.001,0.00417567567567568
"GO_THIOESTERASE_BINDING",12,0.0833333333333333,0.416666666666667,"Up",0.001,0.00417567567567568
"GO_TUMOR_NECROSIS_FACTOR_RECEPTOR_BINDING",29,0.103448275862069,0.413793103448276,"Up",0.001,0.00417567567567568
"GO_MONOSACCHARIDE_BINDING",63,0.174603174603175,0.412698412698413,"Up",0.001,0.00417567567567568
"GO_TRANSCRIPTIONAL_ACTIVATOR_ACTIVITY_RNA_POLYMERASE_II_DISTAL_ENHANCER_SEQUENCE_SPECIFIC_BINDING",25,0.2,0.4,"Up",0.001,0.00417567567567568
"GO_CARBON_CARBON_LYASE_ACTIVITY",46,0.239130434782609,0.391304347826087,"Up",0.001,0.00417567567567568
"GO_HYDROLASE_ACTIVITY_ACTING_ON_GLYCOSYL_BONDS",110,0.145454545454545,0.390909090909091,"Up",0.001,0.00417567567567568
"GO_CYTOKINE_RECEPTOR_BINDING",234,0.166666666666667,0.384615384615385,"Up",0.001,0.00417567567567568
"GO_LOW_DENSITY_LIPOPROTEIN_RECEPTOR_ACTIVITY",13,0.153846153846154,0.384615384615385,"Up",0.001,0.00417567567567568
"GO_RAC_GTPASE_BINDING",37,0.27027027027027,0.378378378378378,"Up",0.001,0.00417567567567568
"GO_ENDONUCLEASE_ACTIVITY_ACTIVE_WITH_EITHER_RIBO_OR_DEOXYRIBONUCLEIC_ACIDS_AND_PRODUCING_3_PHOSPHOMONOESTERS",16,0.1875,0.375,"Up",0.001,0.00417567567567568
"GO_MAGNESIUM_ION_TRANSMEMBRANE_TRANSPORTER_ACTIVITY",16,0.375,0.1875,"Down",0.001,0.00417567567567568
"GO_SH3_SH2_ADAPTOR_ACTIVITY",51,0.156862745098039,0.372549019607843,"Up",0.001,0.00417567567567568
"GO_LIPOPOLYSACCHARIDE_BINDING",19,0.210526315789474,0.368421052631579,"Up",0.001,0.00417567567567568
"GO_PYRIDOXAL_PHOSPHATE_BINDING",44,0.204545454545455,0.363636363636364,"Up",0.001,0.00417567567567568
"GO_TUMOR_NECROSIS_FACTOR_RECEPTOR_SUPERFAMILY_BINDING",44,0.159090909090909,0.363636363636364,"Up",0.001,0.00417567567567568
"GO_PHOSPHATIDYLINOSITOL_3_KINASE_BINDING",28,0.321428571428571,0.357142857142857,"Up",0.001,0.00417567567567568
"GO_FMN_BINDING",14,0.142857142857143,0.357142857142857,"Up",0.001,0.00417567567567568
"GO_DNA_APURINIC_OR_APYRIMIDINIC_SITE_LYASE_ACTIVITY",14,0.0714285714285714,0.357142857142857,"Up",0.001,0.00417567567567568
"GO_CARBOXY_LYASE_ACTIVITY",31,0.258064516129032,0.354838709677419,"Up",0.001,0.00417567567567568
"GO_GTP_DEPENDENT_PROTEIN_BINDING",17,0.117647058823529,0.352941176470588,"Up",0.001,0.00417567567567568
"GO_SIGNALING_ADAPTOR_ACTIVITY",72,0.222222222222222,0.347222222222222,"Up",0.001,0.00417567567567568
"GO_CYTOKINE_ACTIVITY",180,0.172222222222222,0.344444444444444,"Up",0.001,0.00417567567567568
"GO_TRANSITION_METAL_ION_TRANSMEMBRANE_TRANSPORTER_ACTIVITY",39,0.128205128205128,0.333333333333333,"Up",0.001,0.00417567567567568
"GO_ALDO_KETO_REDUCTASE_NADP_ACTIVITY",21,0.0952380952380952,0.333333333333333,"Up",0.001,0.00417567567567568
"GO_CARBON_SULFUR_LYASE_ACTIVITY",9,0,0.333333333333333,"Up",0.001,0.00417567567567568
"GO_ACID_PHOSPHATASE_ACTIVITY",9,0.222222222222222,0.333333333333333,"Up",0.001,0.00417567567567568
"GO_PROTEASE_BINDING",98,0.122448979591837,0.326530612244898,"Up",0.001,0.00417567567567568
"GO_SNORNA_BINDING",25,0.04,0.32,"Up",0.001,0.00417567567567568
"GO_CYSTEINE_TYPE_ENDOPEPTIDASE_ACTIVITY",76,0.223684210526316,0.315789473684211,"Up",0.001,0.00417567567567568
"GO_POLYUBIQUITIN_BINDING",38,0.184210526315789,0.315789473684211,"Up",0.001,0.00417567567567568
"GO_STEROL_TRANSPORTER_ACTIVITY",16,0.125,0.3125,"Up",0.001,0.00417567567567568
"GO_CARBOHYDRATE_BINDING",218,0.169724770642202,0.311926605504587,"Up",0.001,0.00417567567567568
"GO_O_ACYLTRANSFERASE_ACTIVITY",45,0.222222222222222,0.311111111111111,"Up",0.001,0.00417567567567568
"GO_PROTEIN_SERINE_THREONINE_TYROSINE_KINASE_ACTIVITY",39,0.282051282051282,0.307692307692308,"Up",0.001,0.00417567567567568
"GO_SOLUTE_PROTON_SYMPORTER_ACTIVITY",26,0.153846153846154,0.307692307692308,"Up",0.001,0.00417567567567568
"GO_DIPEPTIDASE_ACTIVITY",13,0.153846153846154,0.307692307692308,"Up",0.001,0.00417567567567568
"GO_ZINC_ION_TRANSMEMBRANE_TRANSPORTER_ACTIVITY",23,0.130434782608696,0.304347826086957,"Up",0.001,0.00417567567567568
"GO_ACETYLGLUCOSAMINYLTRANSFERASE_ACTIVITY",43,0.209302325581395,0.302325581395349,"Up",0.001,0.00417567567567568
"GO_PHOSPHATASE_BINDING",156,0.237179487179487,0.294871794871795,"Up",0.001,0.00417567567567568
"GO_STEROID_BINDING",87,0.137931034482759,0.28735632183908,"Up",0.001,0.00417567567567568
"GO_R_SMAD_BINDING",21,0.0476190476190476,0.285714285714286,"Up",0.001,0.00417567567567568
"GO_LYSOPHOSPHOLIPASE_ACTIVITY",18,0.277777777777778,0.222222222222222,"Up",0.001,0.00417567567567568
"GO_PHOSPHATE_ION_BINDING",11,0.0909090909090909,0.272727272727273,"Up",0.001,0.00417567567567568
"GO_LIPID_TRANSPORTER_ACTIVITY",99,0.191919191919192,0.252525252525253,"Up",0.001,0.00417567567567568
"GO_SERINE_HYDROLASE_ACTIVITY",203,0.147783251231527,0.251231527093596,"Up",0.001,0.00417567567567568
"GO_VITAMIN_D_RECEPTOR_BINDING",16,0.0625,0.25,"Up",0.001,0.00417567567567568
"GO_LIGASE_ACTIVITY_FORMING_CARBON_SULFUR_BONDS",38,0.236842105263158,0.105263157894737,"Down",0.001,0.00417567567567568
"GO_LIPASE_ACTIVITY",110,0.172727272727273,0.236363636363636,"Up",0.001,0.00417567567567568
"GO_SUGAR_TRANSMEMBRANE_TRANSPORTER_ACTIVITY",30,0.133333333333333,0.233333333333333,"Up",0.001,0.00417567567567568
"GO_RETINAL_BINDING",13,0.230769230769231,0,"Down",0.001,0.00417567567567568
"GO_PHOSPHOLIPASE_ACTIVITY",90,0.2,0.211111111111111,"Up",0.001,0.00417567567567568
"GO_IRON_ION_BINDING",129,0.178294573643411,0.209302325581395,"Up",0.001,0.00417567567567568
"GO_ATP_DEPENDENT_MICROTUBULE_MOTOR_ACTIVITY",17,0.529411764705882,0,"Down",0.002,0.00965625
"GO_ALPHA_ACTININ_BINDING",21,0.476190476190476,0.0952380952380952,"Down",0.002,0.00965625
"GO_MICROTUBULE_MOTOR_ACTIVITY",70,0.471428571428571,0.0714285714285714,"Down",0.002,0.00965625
"GO_PROTEIN_SERINE_THREONINE_KINASE_ACTIVATOR_ACTIVITY",17,0.0588235294117647,0.470588235294118,"Up",0.002,0.00965625
"GO_K63_LINKED_POLYUBIQUITIN_BINDING",17,0.117647058823529,0.470588235294118,"Up",0.002,0.00965625
"GO_ICOSANOID_RECEPTOR_ACTIVITY",13,0.153846153846154,0.461538461538462,"Up",0.002,0.00965625
"GO_CXCR_CHEMOKINE_RECEPTOR_BINDING",11,0.0909090909090909,0.454545454545455,"Up",0.002,0.00965625
"GO_LONG_CHAIN_FATTY_ACID_BINDING",12,0.0833333333333333,0.416666666666667,"Up",0.002,0.00965625
"GO_MISFOLDED_PROTEIN_BINDING",12,0,0.416666666666667,"Up",0.002,0.00965625
"GO_AMIDE_TRANSMEMBRANE_TRANSPORTER_ACTIVITY",17,0.117647058823529,0.411764705882353,"Up",0.002,0.00965625
"GO_LYSINE_ACETYLATED_HISTONE_BINDING",15,0.4,0.133333333333333,"Down",0.002,0.00965625
"GO_SERINE_TYPE_EXOPEPTIDASE_ACTIVITY",18,0.222222222222222,0.388888888888889,"Up",0.002,0.00965625
"GO_NUCLEOTIDE_KINASE_ACTIVITY",24,0.375,0.166666666666667,"Down",0.002,0.00965625
"GO_DNA_SECONDARY_STRUCTURE_BINDING",22,0.363636363636364,0,"Down",0.002,0.00965625
"GO_CARGO_RECEPTOR_ACTIVITY",59,0.169491525423729,0.355932203389831,"Up",0.002,0.00965625
"GO_SH3_DOMAIN_BINDING",111,0.27027027027027,0.351351351351351,"Up",0.002,0.00965625
"GO_PROTEIN_PHOSPHORYLATED_AMINO_ACID_BINDING",24,0.0833333333333333,0.333333333333333,"Up",0.002,0.00965625
"GO_OXIDOREDUCTASE_ACTIVITY_ACTING_ON_THE_CH_CH_GROUP_OF_DONORS_NAD_OR_NADP_AS_ACCEPTOR",21,0.238095238095238,0.333333333333333,"Up",0.002,0.00965625
"GO_EXODEOXYRIBONUCLEASE_ACTIVITY",15,0.133333333333333,0.333333333333333,"Up",0.002,0.00965625
"GO_ANNEALING_ACTIVITY",12,0.333333333333333,0,"Down",0.002,0.00965625
"GO_PROTEIN_TYROSINE_KINASE_BINDING",52,0.25,0.326923076923077,"Up",0.002,0.00965625
"GO_FERROUS_IRON_BINDING",22,0.136363636363636,0.318181818181818,"Up",0.002,0.00965625
"GO_ANTIOXIDANT_ACTIVITY",63,0.158730158730159,0.317460317460317,"Up",0.002,0.00965625
"GO_STEROL_BINDING",41,0.170731707317073,0.317073170731707,"Up",0.002,0.00965625
"GO_ATPASE_ACTIVITY_COUPLED_TO_MOVEMENT_OF_SUBSTANCES",116,0.189655172413793,0.310344827586207,"Up",0.002,0.00965625
"GO_ATPASE_COUPLED_ION_TRANSMEMBRANE_TRANSPORTER_ACTIVITY",68,0.161764705882353,0.308823529411765,"Up",0.002,0.00965625
"GO_OXIDOREDUCTASE_ACTIVITY_ACTING_ON_NAD_P_H_OXYGEN_AS_ACCEPTOR",13,0.153846153846154,0.307692307692308,"Up",0.002,0.00965625
"GO_O_METHYLTRANSFERASE_ACTIVITY",14,0.285714285714286,0.285714285714286,"Up",0.002,0.00965625
"GO_PROTEIN_KINASE_C_BINDING",46,0.282608695652174,0.260869565217391,"Up",0.002,0.00965625
"GO_KINASE_BINDING",569,0.228471001757469,0.274165202108963,"Up",0.002,0.00965625
"GO_PHOSPHATIDYLCHOLINE_BINDING",19,0.210526315789474,0.263157894736842,"Up",0.002,0.00965625
"GO_ENDONUCLEASE_ACTIVITY",114,0.175438596491228,0.245614035087719,"Up",0.002,0.00965625
"GO_ARYL_SULFOTRANSFERASE_ACTIVITY",7,0,0.142857142857143,"Up",0.002,0.00965625
"GO_TRANSLATION_ELONGATION_FACTOR_ACTIVITY",16,0.1875,0.5625,"Up",0.003,0.0143055555555556
"GO_LIGAND_DEPENDENT_NUCLEAR_RECEPTOR_BINDING",22,0.545454545454545,0.0909090909090909,"Down",0.003,0.0143055555555556
"GO_PROTEIN_KINASE_A_REGULATORY_SUBUNIT_BINDING",16,0.5,0.0625,"Down",0.003,0.0143055555555556
"GO_CYSTEINE_TYPE_ENDOPEPTIDASE_ACTIVITY_INVOLVED_IN_APOPTOTIC_PROCESS",12,0.0833333333333333,0.5,"Up",0.003,0.0143055555555556
"GO_PROTEIN_BINDING_INVOLVED_IN_CELL_ADHESION",17,0.470588235294118,0.0588235294117647,"Down",0.003,0.0143055555555556
"GO_LIGASE_REGULATOR_ACTIVITY",12,0.25,0.416666666666667,"Up",0.003,0.0143055555555556
"GO_CALMODULIN_DEPENDENT_PROTEIN_KINASE_ACTIVITY",27,0.185185185185185,0.407407407407407,"Up",0.003,0.0143055555555556
"GO_VIRUS_RECEPTOR_ACTIVITY",61,0.213114754098361,0.377049180327869,"Up",0.003,0.0143055555555556
"GO_BASAL_TRANSCRIPTION_MACHINERY_BINDING",23,0.347826086956522,0.0869565217391304,"Down",0.003,0.0143055555555556
"GO_SH2_DOMAIN_BINDING",27,0.222222222222222,0.333333333333333,"Up",0.003,0.0143055555555556
"GO_FATTY_ACID_BINDING",28,0.178571428571429,0.321428571428571,"Up",0.003,0.0143055555555556
"GO_BINDING_BRIDGING",168,0.220238095238095,0.30952380952381,"Up",0.003,0.0143055555555556
"GO_FOUR_WAY_JUNCTION_DNA_BINDING",13,0.307692307692308,0,"Down",0.003,0.0143055555555556
"GO_UBIQUITIN_LIKE_PROTEIN_LIGASE_BINDING",248,0.229838709677419,0.306451612903226,"Up",0.003,0.0143055555555556
"GO_CYSTEINE_TYPE_ENDOPEPTIDASE_INHIBITOR_ACTIVITY",46,0.0869565217391304,0.282608695652174,"Up",0.003,0.0143055555555556
"GO_14_3_3_PROTEIN_BINDING",18,0.277777777777778,0.222222222222222,"Up",0.003,0.0143055555555556
"GO_POLYOL_TRANSMEMBRANE_TRANSPORTER_ACTIVITY",13,0.230769230769231,0,"Down",0.003,0.0143055555555556
"GO_ENDOPEPTIDASE_ACTIVITY",379,0.189973614775726,0.229551451187335,"Up",0.003,0.0143055555555556
"GO_3_5_CYCLIC_AMP_PHOSPHODIESTERASE_ACTIVITY",14,0.428571428571429,0.0714285714285714,"Down",0.004,0.0190852941176471
"GO_PDZ_DOMAIN_BINDING",88,0.363636363636364,0.125,"Down",0.004,0.0190852941176471
"GO_GTPASE_ACTIVATING_PROTEIN_BINDING",14,0.285714285714286,0.357142857142857,"Up",0.004,0.0190852941176471
"GO_PEPTIDASE_ACTIVATOR_ACTIVITY_INVOLVED_IN_APOPTOTIC_PROCESS",18,0.222222222222222,0.333333333333333,"Up",0.004,0.0190852941176471
"GO_HEAT_SHOCK_PROTEIN_BINDING",82,0.182926829268293,0.292682926829268,"Up",0.004,0.0190852941176471
"GO_PROTEIN_HOMODIMERIZATION_ACTIVITY",658,0.232522796352584,0.250759878419453,"Up",0.004,0.0190852941176471
"GO_HISTONE_LYSINE_N_METHYLTRANSFERASE_ACTIVITY",33,0.242424242424242,0.0909090909090909,"Down",0.004,0.0190852941176471
"GO_G_PROTEIN_COUPLED_PHOTORECEPTOR_ACTIVITY",9,0.222222222222222,0,"Down",0.004,0.0190852941176471
"GO_RRNA_BINDING",52,0.0576923076923077,0.538461538461538,"Up",0.005,0.023435393258427
"GO_FIBROBLAST_GROWTH_FACTOR_BINDING",22,0.409090909090909,0.0909090909090909,"Down",0.005,0.023435393258427
"GO_TUBULIN_BINDING",252,0.376984126984127,0.158730158730159,"Down",0.005,0.023435393258427
"GO_RAGE_RECEPTOR_BINDING",8,0,0.375,"Up",0.005,0.023435393258427
"GO_RNA_POLYMERASE_II_CORE_BINDING",15,0.333333333333333,0.0666666666666667,"Down",0.005,0.023435393258427
"GO_OXIDOREDUCTASE_ACTIVITY_ACTING_ON_THE_ALDEHYDE_OR_OXO_GROUP_OF_DONORS_NAD_OR_NADP_AS_ACCEPTOR",34,0.294117647058824,0.117647058823529,"Down",0.005,0.023435393258427
"GO_ISOPRENOID_BINDING",32,0.21875,0.0625,"Down",0.005,0.023435393258427
"GO_TELOMERASE_RNA_BINDING",14,0.214285714285714,0.214285714285714,"Up",0.005,0.023435393258427
"GO_HYDROGEN_EXPORTING_ATPASE_ACTIVITY",26,0.0384615384615385,0.461538461538462,"Up",0.006,0.0272647058823529
"GO_CYCLIC_NUCLEOTIDE_BINDING",33,0.454545454545455,0.0909090909090909,"Down",0.006,0.0272647058823529
"GO_CHEMOREPELLENT_ACTIVITY",27,0.407407407407407,0.037037037037037,"Down",0.006,0.0272647058823529
"GO_SEMAPHORIN_RECEPTOR_BINDING",22,0.363636363636364,0.0909090909090909,"Down",0.006,0.0272647058823529
"GO_GUANYLATE_KINASE_ACTIVITY",12,0.333333333333333,0.0833333333333333,"Down",0.006,0.0272647058823529
"GO_INTERMEDIATE_FILAMENT_BINDING",12,0.333333333333333,0.0833333333333333,"Down",0.006,0.0272647058823529
"GO_PROTEIN_PHOSPHATASE_BINDING",114,0.210526315789474,0.324561403508772,"Up",0.006,0.0272647058823529
"GO_CATION_TRANSPORTING_ATPASE_ACTIVITY",58,0.172413793103448,0.310344827586207,"Up",0.006,0.0272647058823529
"GO_ALCOHOL_TRANSMEMBRANE_TRANSPORTER_ACTIVITY",22,0.272727272727273,0.0909090909090909,"Down",0.006,0.0272647058823529
"GO_DEATH_RECEPTOR_ACTIVITY",20,0.2,0.55,"Up",0.007,0.031220207253886
"GO_CHOLESTEROL_TRANSPORTER_ACTIVITY",12,0.166666666666667,0.416666666666667,"Up",0.007,0.031220207253886
"GO_PROTEIN_TYROSINE_SERINE_THREONINE_PHOSPHATASE_ACTIVITY",42,0.142857142857143,0.333333333333333,"Up",0.007,0.031220207253886
"GO_ENZYME_ACTIVATOR_ACTIVITY",431,0.252900232018561,0.303944315545244,"Up",0.007,0.031220207253886
"GO_TRANSFERASE_ACTIVITY_TRANSFERRING_GLYCOSYL_GROUPS",238,0.214285714285714,0.26890756302521,"Up",0.007,0.031220207253886
"GO_ENZYME_BINDING",1622,0.231812577065351,0.259556103575832,"Up",0.007,0.031220207253886
"GO_SULFURIC_ESTER_HYDROLASE_ACTIVITY",12,0.25,0.416666666666667,"Up",0.008,0.0347625
"GO_GAMMA_CATENIN_BINDING",12,0.416666666666667,0.0833333333333333,"Down",0.008,0.0347625
"GO_G_PROTEIN_ALPHA_SUBUNIT_BINDING",21,0.238095238095238,0.380952380952381,"Up",0.008,0.0347625
"GO_MICROTUBULE_BINDING",186,0.376344086021505,0.161290322580645,"Down",0.008,0.0347625
"GO_G_PROTEIN_BETA_GAMMA_SUBUNIT_COMPLEX_BINDING",21,0.333333333333333,0.285714285714286,"Up",0.008,0.0347625
"GO_ENDORIBONUCLEASE_ACTIVITY",45,0.177777777777778,0.266666666666667,"Up",0.008,0.0347625
"GO_PEPTIDASE_ACTIVITY",557,0.22262118491921,0.228007181328546,"Up",0.008,0.0347625
"GO_WNT_PROTEIN_BINDING",28,0.607142857142857,0.178571428571429,"Down",0.009,0.03825
"GO_FATTY_ACID_LIGASE_ACTIVITY",16,0.3125,0.0625,"Down",0.009,0.03825
"GO_KINASE_ACTIVATOR_ACTIVITY",58,0.172413793103448,0.310344827586207,"Up",0.009,0.03825
"GO_CYSTEINE_TYPE_PEPTIDASE_ACTIVITY",150,0.26,0.26,"Up",0.009,0.03825
"GO_LIGASE_ACTIVITY_FORMING_CARBON_NITROGEN_BONDS",51,0.254901960784314,0.0980392156862745,"Down",0.009,0.03825
"GO_RETINOL_BINDING",12,0.25,0,"Down",0.009,0.03825
"GO_PROTEIN_BINDING_INVOLVED_IN_CELL_CELL_ADHESION",11,0.545454545454545,0.0909090909090909,"Down",0.01,0.0419357142857143
"GO_PROTEIN_KINASE_A_BINDING",40,0.475,0.1,"Down",0.01,0.0419357142857143
"GO_WW_DOMAIN_BINDING",26,0.423076923076923,0.230769230769231,"Down",0.01,0.0419357142857143
"GO_UBIQUITIN_SPECIFIC_PROTEASE_BINDING",10,0,0.4,"Up",0.01,0.0419357142857143
"GO_ADP_BINDING",30,0.166666666666667,0.333333333333333,"Up",0.011,0.0454836448598131
"GO_ANION_TRANSMEMBRANE_TRANSPORTING_ATPASE_ACTIVITY",9,0.111111111111111,0.333333333333333,"Up",0.011,0.0454836448598131
"GO_PHOSPHOLIPASE_C_ACTIVITY",30,0.166666666666667,0.3,"Up",0.011,0.0454836448598131
"GO_PROTEIN_SELF_ASSOCIATION",41,0.170731707317073,0.292682926829268,"Up",0.011,0.0454836448598131
"GO_PROTEIN_KINASE_A_CATALYTIC_SUBUNIT_BINDING",15,0.533333333333333,0.0666666666666667,"Down",0.012,0.048237556561086
"GO_CYCLASE_ACTIVITY",20,0.5,0.1,"Down",0.012,0.048237556561086
"GO_CAMP_RESPONSE_ELEMENT_BINDING",13,0.153846153846154,0.384615384615385,"Up",0.012,0.048237556561086
"GO_CYSTEINE_TYPE_ENDOPEPTIDASE_INHIBITOR_ACTIVITY_INVOLVED_IN_APOPTOTIC_PROCESS",22,0.136363636363636,0.318181818181818,"Up",0.012,0.048237556561086
"GO_HYDROLASE_ACTIVITY_ACTING_ON_ETHER_BONDS",11,0.181818181818182,0.272727272727273,"Up",0.012,0.048237556561086
"GO_HISTONE_DEACETYLASE_BINDING",100,0.19,0.23,"Up",0.012,0.048237556561086
"GO_HISTONE_METHYLTRANSFERASE_ACTIVITY_H3_K4_SPECIFIC_",12,0.0833333333333333,0.0833333333333333,"Down",0.012,0.048237556561086
"GO_SCAFFOLD_PROTEIN_BINDING",43,0.325581395348837,0.13953488372093,"Down",0.013,0.0515
"GO_MONOSACCHARIDE_TRANSMEMBRANE_TRANSPORTER_ACTIVITY",19,0.105263157894737,0.315789473684211,"Up",0.013,0.0515
"GO_TRANSFERASE_ACTIVITY_TRANSFERRING_HEXOSYL_GROUPS",166,0.22289156626506,0.265060240963855,"Up",0.013,0.0515
"GO_DEOXYRIBONUCLEASE_ACTIVITY",63,0.19047619047619,0.222222222222222,"Up",0.013,0.0515
"GO_METALLOCARBOXYPEPTIDASE_ACTIVITY",25,0.4,0.08,"Down",0.014,0.0544108695652174
"GO_ACTIN_MONOMER_BINDING",22,0.227272727272727,0.318181818181818,"Up",0.014,0.0544108695652174
"GO_OXIDOREDUCTASE_ACTIVITY_ACTING_ON_THE_CH_OH_GROUP_OF_DONORS_NAD_OR_NADP_AS_ACCEPTOR",100,0.11,0.27,"Up",0.014,0.0544108695652174
"GO_DOPAMINE_RECEPTOR_BINDING",17,0.0588235294117647,0.235294117647059,"Up",0.014,0.0544108695652174
"GO_NAD_DEPENDENT_PROTEIN_DEACETYLASE_ACTIVITY",17,0.235294117647059,0.117647058823529,"Down",0.014,0.0544108695652174
"GO_EXTRACELLULAR_MATRIX_STRUCTURAL_CONSTITUENT",72,0.513888888888889,0.0833333333333333,"Down",0.015,0.0571978723404255
"GO_1_PHOSPHATIDYLINOSITOL_3_KINASE_ACTIVITY",43,0.418604651162791,0.13953488372093,"Down",0.015,0.0571978723404255
"GO_PHOSPHOTRANSFERASE_ACTIVITY_PHOSPHATE_GROUP_AS_ACCEPTOR",37,0.351351351351351,0.162162162162162,"Down",0.015,0.0571978723404255
"GO_HYDROLASE_ACTIVITY_HYDROLYZING_N_GLYCOSYL_COMPOUNDS",22,0.181818181818182,0.318181818181818,"Up",0.015,0.0571978723404255
"GO_CYSTEINE_TYPE_ENDOPEPTIDASE_REGULATOR_ACTIVITY_INVOLVED_IN_APOPTOTIC_PROCESS",38,0.157894736842105,0.315789473684211,"Up",0.015,0.0571978723404255
"GO_RACEMASE_AND_EPIMERASE_ACTIVITY",13,0.307692307692308,0.307692307692308,"Up",0.016,0.0603718487394958
"GO_PEPTIDE_HORMONE_RECEPTOR_BINDING",17,0.294117647058824,0,"Down",0.016,0.0603718487394958
"GO_ACTIN_FILAMENT_BINDING",114,0.201754385964912,0.289473684210526,"Up",0.016,0.0603718487394958
"GO_MOTOR_ACTIVITY",121,0.40495867768595,0.12396694214876,"Down",0.017,0.0621768292682927
"GO_CARBON_NITROGEN_LIGASE_ACTIVITY_WITH_GLUTAMINE_AS_AMIDO_N_DONOR",10,0.4,0,"Down",0.017,0.0621768292682927
"GO_DEATH_RECEPTOR_BINDING",16,0.25,0.3125,"Up",0.017,0.0621768292682927
"GO_INTRAMOLECULAR_OXIDOREDUCTASE_ACTIVITY",50,0.12,0.26,"Up",0.017,0.0621768292682927
"GO_HYDROLASE_ACTIVITY_ACTING_ON_ESTER_BONDS",658,0.223404255319149,0.224924012158055,"Up",0.017,0.0621768292682927
"GO_ACID_THIOL_LIGASE_ACTIVITY",18,0.222222222222222,0,"Down",0.017,0.0621768292682927
"GO_LYSOZYME_ACTIVITY",9,0,0.222222222222222,"Up",0.017,0.0621768292682927
"GO_TRIGLYCERIDE_LIPASE_ACTIVITY",18,0.0555555555555556,0.166666666666667,"Up",0.017,0.0621768292682927
"GO_LONG_CHAIN_FATTY_ACID_COA_LIGASE_ACTIVITY",13,0.307692307692308,0.0769230769230769,"Down",0.018,0.0654133064516129
"GO_ENZYME_REGULATOR_ACTIVITY",870,0.232183908045977,0.25632183908046,"Up",0.018,0.0654133064516129
"GO_INORGANIC_ANION_EXCHANGER_ACTIVITY",16,0.4375,0,"Down",0.019,0.0683247011952191
"GO_PHOSPHATIDYLINOSITOL_PHOSPHATE_KINASE_ACTIVITY",15,0.333333333333333,0.4,"Up",0.019,0.0683247011952191
"GO_BILE_ACID_TRANSMEMBRANE_TRANSPORTER_ACTIVITY",14,0.142857142857143,0.357142857142857,"Up",0.019,0.0683247011952191
"GO_RAC_GUANYL_NUCLEOTIDE_EXCHANGE_FACTOR_ACTIVITY",13,0.307692307692308,0.384615384615385,"Up",0.02,0.0708882352941176
"GO_INSULIN_RECEPTOR_BINDING",32,0.1875,0.34375,"Up",0.02,0.0708882352941176
"GO_DIOXYGENASE_ACTIVITY",78,0.243589743589744,0.282051282051282,"Up",0.02,0.0708882352941176
"GO_HISTONE_DEACETYLASE_ACTIVITY_H3_K14_SPECIFIC_",12,0.25,0.0833333333333333,"Down",0.02,0.0708882352941176
"GO_FIBROBLAST_GROWTH_FACTOR_RECEPTOR_BINDING",28,0.5,0,"Down",0.021,0.0730903846153846
"GO_AMINE_BINDING",10,0.4,0,"Down",0.021,0.0730903846153846
"GO_TRANSCRIPTIONAL_REPRESSOR_ACTIVITY_RNA_POLYMERASE_II_CORE_PROMOTER_PROXIMAL_REGION_SEQUENCE_SPECIFIC_BINDING",100,0.23,0.32,"Up",0.021,0.0730903846153846
"GO_OXIDOREDUCTASE_ACTIVITY_ACTING_ON_THE_ALDEHYDE_OR_OXO_GROUP_OF_DONORS",44,0.318181818181818,0.159090909090909,"Down",0.021,0.0730903846153846
"GO_NUCLEOSIDE_TRIPHOSPHATASE_REGULATOR_ACTIVITY",305,0.285245901639344,0.288524590163934,"Up",0.021,0.0730903846153846
"GO_ATPASE_BINDING",70,0.242857142857143,0.257142857142857,"Up",0.022,0.0757813688212928
"GO_PROTEIN_METHYLTRANSFERASE_ACTIVITY",63,0.222222222222222,0.142857142857143,"Down",0.022,0.0757813688212928
"GO_ALCOHOL_DEHYDROGENASE_NADP_ACTIVITY",14,0.0714285714285714,0.214285714285714,"Up",0.022,0.0757813688212928
"GO_HISTONE_METHYLTRANSFERASE_ACTIVITY",46,0.173913043478261,0.108695652173913,"Down",0.023,0.0790056818181818
"GO_PROTEIN_PHOSPHATASE_2A_BINDING",27,0.333333333333333,0.296296296296296,"Up",0.024,0.0818966165413534
"GO_UDP_GLYCOSYLTRANSFERASE_ACTIVITY",113,0.221238938053097,0.247787610619469,"Up",0.024,0.0818966165413534
"GO_THIOL_DEPENDENT_UBIQUITIN_SPECIFIC_PROTEASE_ACTIVITY",69,0.318840579710145,0.202898550724638,"Down",0.025,0.0847444029850746
"GO_RNA_POLYMERASE_CORE_ENZYME_BINDING",19,0.315789473684211,0.0526315789473684,"Down",0.025,0.0847444029850746
"GO_RNA_POLYMERASE_II_DISTAL_ENHANCER_SEQUENCE_SPECIFIC_DNA_BINDING",63,0.19047619047619,0.285714285714286,"Up",0.026,0.0878754646840149
"GO_TRANSLATION_REGULATOR_ACTIVITY_NUCLEIC_ACID_BINDING",16,0.375,0.1875,"Down",0.027,0.0899835164835165
"GO_LIPASE_INHIBITOR_ACTIVITY",15,0.0666666666666667,0.333333333333333,"Up",0.027,0.0899835164835165
"GO_PROTEIN_HORMONE_RECEPTOR_ACTIVITY",11,0.272727272727273,0,"Down",0.027,0.0899835164835165
"GO_CARBOXYLIC_ESTER_HYDROLASE_ACTIVITY",120,0.183333333333333,0.175,"Up",0.027,0.0899835164835165
"GO_INSULIN_RECEPTOR_SUBSTRATE_BINDING",11,0.181818181818182,0.363636363636364,"Up",0.028,0.0930383211678832
"GO_LYSINE_N_METHYLTRANSFERASE_ACTIVITY",39,0.282051282051282,0.128205128205128,"Down",0.029,0.0953772563176895
"GO_PHOSPHATASE_ACTIVITY",243,0.242798353909465,0.259259259259259,"Up",0.029,0.0953772563176895
"GO_MONOCARBOXYLIC_ACID_BINDING",54,0.203703703703704,0.240740740740741,"Up",0.029,0.0953772563176895
"GO_BIOACTIVE_LIPID_RECEPTOR_ACTIVITY",14,0.142857142857143,0.285714285714286,"Up",0.03,0.0980161290322581
"GO_TRANSCRIPTION_FACTOR_ACTIVITY_RNA_POLYMERASE_II_DISTAL_ENHANCER_SEQUENCE_SPECIFIC_BINDING",88,0.193181818181818,0.238636363636364,"Up",0.03,0.0980161290322581
"GO_WNT_ACTIVATED_RECEPTOR_ACTIVITY",21,0.571428571428571,0.19047619047619,"Down",0.031,0.09851393728223
"GO_TRANSMEMBRANE_RECEPTOR_PROTEIN_TYROSINE_KINASE_ACTIVITY",60,0.416666666666667,0.0833333333333333,"Down",0.031,0.09851393728223
"GO_LYSOPHOSPHOLIPID_ACYLTRANSFERASE_ACTIVITY",17,0.294117647058824,0.352941176470588,"Up",0.031,0.09851393728223
"GO_METALLOEXOPEPTIDASE_ACTIVITY",47,0.276595744680851,0.148936170212766,"Down",0.031,0.09851393728223
"GO_UDP_GALACTOSYLTRANSFERASE_ACTIVITY",26,0.192307692307692,0.269230769230769,"Up",0.031,0.09851393728223
"GO_TRANSCRIPTION_FACTOR_BINDING",492,0.211382113821138,0.268292682926829,"Up",0.031,0.09851393728223
"GO_LYASE_ACTIVITY",157,0.222929936305732,0.24203821656051,"Up",0.031,0.09851393728223
"GO_IDENTICAL_PROTEIN_BINDING",1122,0.234402852049911,0.232620320855615,"Up",0.031,0.09851393728223
"GO_ACTININ_BINDING",29,0.413793103448276,0.137931034482759,"Down",0.032,0.101390625
"GO_TRANSLATION_REPRESSOR_ACTIVITY",19,0.421052631578947,0.105263157894737,"Down",0.033,0.103530927835052
"GO_BICARBONATE_TRANSMEMBRANE_TRANSPORTER_ACTIVITY",19,0.315789473684211,0.0526315789473684,"Down",0.033,0.103530927835052
"GO_TITIN_BINDING",11,0.0909090909090909,0.272727272727273,"Up",0.033,0.103530927835052
"GO_LIPOPROTEIN_PARTICLE_RECEPTOR_BINDING",22,0.136363636363636,0.318181818181818,"Up",0.034,0.105627551020408
"GO_INORGANIC_ANION_TRANSMEMBRANE_TRANSPORTER_ACTIVITY",121,0.305785123966942,0.0909090909090909,"Down",0.034,0.105627551020408
"GO_ANION_CHANNEL_ACTIVITY",87,0.298850574712644,0.0919540229885057,"Down",0.034,0.105627551020408
"GO_LIGASE_ACTIVITY",381,0.251968503937008,0.170603674540682,"Down",0.035,0.10841186440678
"GO_CGMP_BINDING",15,0.466666666666667,0.133333333333333,"Down",0.036,0.110431208053691
"GO_NOTCH_BINDING",18,0.333333333333333,0.0555555555555556,"Down",0.036,0.110431208053691
"GO_PRENYLTRANSFERASE_ACTIVITY",15,0.2,0,"Down",0.036,0.110431208053691
"GO_AMIDE_BINDING",232,0.189655172413793,0.219827586206897,"Up",0.037,0.11316220735786
"GO_PHOSPHATIDYLINOSITOL_KINASE_ACTIVITY",49,0.387755102040816,0.142857142857143,"Down",0.038,0.115875
"GO_I_SMAD_BINDING",11,0.0909090909090909,0.363636363636364,"Up",0.039,0.117787128712871
"GO_TRANSLATION_INITIATION_FACTOR_BINDING",26,0.0769230769230769,0.346153846153846,"Up",0.039,0.117787128712871
"GO_EPIDERMAL_GROWTH_FACTOR_RECEPTOR_BINDING",29,0.172413793103448,0.310344827586207,"Up",0.039,0.117787128712871
"GO_GABA_RECEPTOR_ACTIVITY",22,0.636363636363636,0.0454545454545455,"Down",0.04,0.119661764705882
"GO_SODIUM_AMINO_ACID_SYMPORTER_ACTIVITY",12,0.333333333333333,0.0833333333333333,"Down",0.04,0.119661764705882
"GO_NADP_BINDING",39,0.282051282051282,0.205128205128205,"Down",0.04,0.119661764705882
"GO_MAP_KINASE_KINASE_KINASE_ACTIVITY",19,0.157894736842105,0.263157894736842,"Up",0.041,0.122291530944625
"GO_ESTRADIOL_17_BETA_DEHYDROGENASE_ACTIVITY",11,0.0909090909090909,0.363636363636364,"Up",0.042,0.124904220779221
"GO_DIPEPTIDYL_PEPTIDASE_ACTIVITY",13,0.230769230769231,0.461538461538462,"Up",0.043,0.127088709677419
"GO_WATER_TRANSMEMBRANE_TRANSPORTER_ACTIVITY",13,0.230769230769231,0,"Down",0.043,0.127088709677419
"GO_OXIDOREDUCTASE_ACTIVITY_ACTING_ON_THE_CH_CH_GROUP_OF_DONORS",53,0.150943396226415,0.283018867924528,"Up",0.044,0.129245192307692
"GO_GAP_JUNCTION_CHANNEL_ACTIVITY",16,0.0625,0,"Down",0.044,0.129245192307692
"GO_POTASSIUM_CHANNEL_REGULATOR_ACTIVITY",43,0.302325581395349,0.0697674418604651,"Down",0.045,0.131374203821656
"GO_RNA_POLYMERASE_II_CORE_PROMOTER_SEQUENCE_SPECIFIC_DNA_BINDING",52,0.173076923076923,0.288461538461538,"Up",0.045,0.131374203821656
"GO_PHOSPHATIDYLINOSITOL_MONOPHOSPHATE_PHOSPHATASE_ACTIVITY",13,0.307692307692308,0.153846153846154,"Down",0.046,0.133476265822785
"GO_PHOSPHOLIPASE_A2_ACTIVITY",30,0.233333333333333,0.133333333333333,"Up",0.046,0.133476265822785
"GO_BETA_2_MICROGLOBULIN_BINDING",5,0.2,0.4,"Up",0.047,0.135551886792453
"GO_GLYCINE_BINDING",14,0.357142857142857,0.0714285714285714,"Down",0.047,0.135551886792453
"GO_AMMONIUM_TRANSMEMBRANE_TRANSPORTER_ACTIVITY",25,0.28,0.04,"Down",0.048,0.1376015625
"GO_COA_HYDROLASE_ACTIVITY",19,0.157894736842105,0.0526315789473684,"Down",0.048,0.1376015625
"GO_NUCLEOSOME_BINDING",41,0.219512195121951,0.317073170731707,"Up",0.049,0.139193498452012
"GO_NARROW_PORE_CHANNEL_ACTIVITY",16,0.1875,0.25,"Up",0.049,0.139193498452012
"GO_PROTEIN_PHOSPHATASE_TYPE_2A_REGULATOR_ACTIVITY",19,0.210526315789474,0.105263157894737,"Down",0.049,0.139193498452012
"GO_GAMMA_TUBULIN_BINDING",23,0.347826086956522,0.130434782608696,"Down",0.05,0.141189230769231
"GO_INOSITOL_TETRAKISPHOSPHATE_PHOSPHATASE_ACTIVITY",11,0.181818181818182,0.181818181818182,"Up",0.05,0.141189230769231
"GO_EPHRIN_RECEPTOR_ACTIVITY",15,0.4,0.0666666666666667,"Down",0.051,0.142290273556231
"GO_3_5_DNA_HELICASE_ACTIVITY",12,0.333333333333333,0,"Down",0.051,0.142290273556231
"GO_OXIDOREDUCTASE_ACTIVITY_ACTING_ON_A_SULFUR_GROUP_OF_DONORS",44,0.159090909090909,0.295454545454545,"Up",0.051,0.142290273556231
"GO_CALCIUM_DEPENDENT_PROTEIN_BINDING",55,0.0909090909090909,0.218181818181818,"Up",0.051,0.142290273556231
"GO_NEUTRAL_AMINO_ACID_TRANSMEMBRANE_TRANSPORTER_ACTIVITY",32,0.25,0.34375,"Up",0.052,0.144231117824773
"GO_CATION_SUGAR_SYMPORTER_ACTIVITY",15,0.2,0.2,"Up",0.052,0.144231117824773
"GO_RNA_POLYMERASE_II_REPRESSING_TRANSCRIPTION_FACTOR_BINDING",27,0.333333333333333,0.148148148148148,"Down",0.055,0.151716216216216
"GO_RIBONUCLEASE_ACTIVITY",86,0.174418604651163,0.232558139534884,"Up",0.055,0.151716216216216
"GO_CALCIUM_ION_BINDING",617,0.329011345218801,0.144246353322528,"Down",0.056,0.152666172106825
"GO_NUCLEOSIDE_TRANSMEMBRANE_TRANSPORTER_ACTIVITY",13,0.153846153846154,0.307692307692308,"Up",0.056,0.152666172106825
"GO_RETINOIC_ACID_RECEPTOR_BINDING",28,0.25,0.285714285714286,"Up",0.056,0.152666172106825
"GO_PROTEIN_DIMERIZATION_ACTIVITY",1013,0.24284304047384,0.23395853899309,"Up",0.056,0.152666172106825
"GO_FRIZZLED_BINDING",36,0.472222222222222,0.138888888888889,"Down",0.057,0.154045588235294
"GO_ACYLGLYCEROL_O_ACYLTRANSFERASE_ACTIVITY",25,0.28,0.28,"Up",0.057,0.154045588235294
"GO_RECEPTOR_BINDING",1323,0.241118669690098,0.242630385487528,"Up",0.057,0.154045588235294
"GO_UBIQUITIN_LIKE_PROTEIN_SPECIFIC_PROTEASE_ACTIVITY",92,0.304347826086957,0.195652173913043,"Down",0.059,0.157643895348837
"GO_METALLOPEPTIDASE_ACTIVITY",173,0.289017341040462,0.173410404624277,"Down",0.059,0.157643895348837
"GO_PHOTORECEPTOR_ACTIVITY",12,0.25,0.0833333333333333,"Down",0.059,0.157643895348837
"GO_ELECTRON_CARRIER_ACTIVITY",105,0.123809523809524,0.219047619047619,"Up",0.059,0.157643895348837
"GO_GROWTH_FACTOR_RECEPTOR_BINDING",125,0.248,0.304,"Up",0.061,0.162560869565217
"GO_SCAVENGER_RECEPTOR_ACTIVITY",38,0.210526315789474,0.342105263157895,"Up",0.062,0.164770231213873
"GO_LRR_DOMAIN_BINDING",15,0.266666666666667,0.533333333333333,"Up",0.063,0.166966858789625
"GO_ARMADILLO_REPEAT_DOMAIN_BINDING",13,0.307692307692308,0.153846153846154,"Down",0.064,0.168666189111748
"GO_APOLIPOPROTEIN_BINDING",14,0.285714285714286,0.0714285714285714,"Down",0.064,0.168666189111748
"GO_TRANSFORMING_GROWTH_FACTOR_BETA_BINDING",16,0.125,0.4375,"Up",0.065,0.170832857142857
"GO_STRUCTURAL_CONSTITUENT_OF_RIBOSOME",185,0.0648648648648649,0.432432432432432,"Up",0.066,0.172495738636364
"GO_NEUROTRANSMITTER_SODIUM_SYMPORTER_ACTIVITY",19,0.315789473684211,0,"Down",0.066,0.172495738636364
"GO_LIPID_BINDING",604,0.230132450331126,0.233443708609272,"Up",0.068,0.177259206798867
"GO_QUINONE_BINDING",13,0.384615384615385,0.0769230769230769,"Down",0.069,0.179377118644068
"GO_INTRONIC_TRANSCRIPTION_REGULATORY_REGION_DNA_BINDING",10,0.4,0.3,"Down",0.072,0.186181179775281
"GO_PROLINE_RICH_REGION_BINDING",18,0.333333333333333,0.166666666666667,"Down",0.072,0.186181179775281
"GO_PHOSPHOLIPID_TRANSLOCATING_ATPASE_ACTIVITY",16,0.375,0.25,"Down",0.073,0.187730446927374
"GO_TRANSCRIPTION_COFACTOR_BINDING",22,0.272727272727273,0.318181818181818,"Up",0.073,0.187730446927374
"GO_MACROMOLECULE_TRANSMEMBRANE_TRANSPORTER_ACTIVITY",20,0,0.2,"Up",0.075,0.192371866295265
"GO_LEUCINE_ZIPPER_DOMAIN_BINDING",10,0.3,0.5,"Up",0.076,0.193338397790055
"GO_CHAPERONE_BINDING",78,0.166666666666667,0.256410256410256,"Up",0.076,0.193338397790055
"GO_OXIDOREDUCTASE_ACTIVITY_ACTING_ON_CH_OH_GROUP_OF_DONORS",119,0.168067226890756,0.243697478991597,"Up",0.076,0.193338397790055
"GO_CHLORIDE_CHANNEL_REGULATOR_ACTIVITY",15,0.2,0.333333333333333,"Up",0.077,0.194822802197802
"GO_CIS_TRANS_ISOMERASE_ACTIVITY",38,0.315789473684211,0.105263157894737,"Down",0.077,0.194822802197802
"GO_VOLTAGE_GATED_SODIUM_CHANNEL_ACTIVITY",19,0.421052631578947,0.0526315789473684,"Down",0.078,0.195224184782609
"GO_INTRAMOLECULAR_TRANSFERASE_ACTIVITY",26,0.269230769230769,0.0769230769230769,"Down",0.078,0.195224184782609
"GO_NEUROPILIN_BINDING",15,0.266666666666667,0.0666666666666667,"Down",0.078,0.195224184782609
"GO_PEPTIDE_HORMONE_BINDING",35,0.257142857142857,0.0857142857142857,"Down",0.078,0.195224184782609
"GO_ACTIN_DEPENDENT_ATPASE_ACTIVITY",13,0.230769230769231,0.307692307692308,"Up",0.079,0.196674324324324
"GO_DEAMINASE_ACTIVITY",28,0.142857142857143,0.285714285714286,"Up",0.079,0.196674324324324
"GO_BETA_TUBULIN_BINDING",35,0.257142857142857,0.257142857142857,"Up",0.08,0.198642857142857
"GO_3_5_CYCLIC_GMP_PHOSPHODIESTERASE_ACTIVITY",13,0.461538461538462,0.0769230769230769,"Down",0.081,0.200063002680965
"GO_RECEPTOR_SIGNALING_PROTEIN_SERINE_THREONINE_KINASE_ACTIVITY",86,0.290697674418605,0.255813953488372,"Up",0.081,0.200063002680965
"GO_AMINOPEPTIDASE_ACTIVITY",39,0.153846153846154,0.282051282051282,"Up",0.082,0.202006684491979
"GO_INTRAMOLECULAR_OXIDOREDUCTASE_ACTIVITY_TRANSPOSING_S_S_BONDS",20,0.2,0.25,"Up",0.083,0.20394
"GO_LAMIN_BINDING",17,0.176470588235294,0.294117647058824,"Up",0.085,0.206679419525066
"GO_PROTEIN_N_TERMINUS_BINDING",98,0.214285714285714,0.255102040816327,"Up",0.085,0.206679419525066
"GO_NUCLEASE_ACTIVITY",183,0.218579234972678,0.224043715846995,"Up",0.085,0.206679419525066
"GO_PROTEIN_SERINE_THREONINE_PHOSPHATASE_INHIBITOR_ACTIVITY",11,0.181818181818182,0.0909090909090909,"Down",0.085,0.206679419525066
"GO_DNA_DEPENDENT_ATPASE_ACTIVITY",77,0.298701298701299,0.0649350649350649,"Down",0.087,0.21046062992126
"GO_PROTEIN_BINDING_INVOLVED_IN_PROTEIN_FOLDING",11,0.0909090909090909,0.181818181818182,"Up",0.087,0.21046062992126
"GO_MANGANESE_ION_BINDING",43,0.186046511627907,0.255813953488372,"Up",0.088,0.212336387434555
"GO_N_METHYLTRANSFERASE_ACTIVITY",68,0.191176470588235,0.132352941176471,"Down",0.089,0.214202349869452
"GO_PROTEIN_DISULFIDE_OXIDOREDUCTASE_ACTIVITY",22,0.0454545454545455,0.272727272727273,"Up",0.09,0.21605859375
"GO_NUCLEOSOMAL_DNA_BINDING",26,0.192307692307692,0.307692307692308,"Up",0.091,0.21734067357513
"GO_PHOSPHATIDYLINOSITOL_3_5_BISPHOSPHATE_3_PHOSPHATASE_ACTIVITY",10,0.3,0.2,"Down",0.091,0.21734067357513
"GO_CORE_PROMOTER_SEQUENCE_SPECIFIC_DNA_BINDING",98,0.163265306122449,0.275510204081633,"Up",0.092,0.218609536082474
"GO_PROTEIN_C_TERMINUS_BINDING",181,0.226519337016575,0.187845303867403,"Down",0.092,0.218609536082474
"GO_VOLTAGE_GATED_CHLORIDE_CHANNEL_ACTIVITY",11,0.272727272727273,0.0909090909090909,"Down",0.093,0.22043059125964
"GO_UBIQUITIN_LIKE_PROTEIN_TRANSFERASE_ACTIVITY",396,0.29040404040404,0.189393939393939,"Down",0.094,0.222242307692308
"GO_AMINO_ACID_BINDING",101,0.267326732673267,0.138613861386139,"Down",0.095,0.224044757033248
"GO_POLY_PURINE_TRACT_BINDING",18,0.388888888888889,0.111111111111111,"Down",0.096,0.224691624365482
"GO_TRANSFERASE_ACTIVITY_TRANSFERRING_PENTOSYL_GROUPS",49,0.122448979591837,0.26530612244898,"Up",0.096,0.224691624365482
"GO_HYDROGEN_ION_TRANSMEMBRANE_TRANSPORTER_ACTIVITY",91,0.131868131868132,0.241758241758242,"Up",0.096,0.224691624365482
"GO_CHEMOATTRACTANT_ACTIVITY",23,0.260869565217391,0.260869565217391,"Up",0.097,0.225897727272727
"GO_RNA_POLYMERASE_II_TRANSCRIPTION_COACTIVATOR_ACTIVITY",35,0.228571428571429,0.2,"Down",0.097,0.225897727272727
"GO_TRNA_METHYLTRANSFERASE_ACTIVITY",15,0.333333333333333,0.266666666666667,"Down",0.098,0.227091708542714
"GO_PROTON_TRANSPORTING_ATP_SYNTHASE_ACTIVITY_ROTATIONAL_MECHANISM",10,0.1,0.2,"Up",0.098,0.227091708542714
"GO_INSULIN_LIKE_GROWTH_FACTOR_BINDING",25,0.36,0.08,"Down",0.099,0.227704488778055
"GO_HORMONE_BINDING",62,0.258064516129032,0.129032258064516,"Down",0.099,0.227704488778055
"GO_RNA_POLYMERASE_II_TRANSCRIPTION_COFACTOR_ACTIVITY",87,0.229885057471264,0.183908045977011,"Down",0.099,0.227704488778055
"GO_METHYLATED_HISTONE_BINDING",47,0.382978723404255,0.127659574468085,"Down",0.101,0.231174937965261
"GO_CORE_PROMOTER_PROXIMAL_REGION_DNA_BINDING",319,0.210031347962382,0.260188087774295,"Up",0.101,0.231174937965261
"GO_INOSITOL_PHOSPHATE_PHOSPHATASE_ACTIVITY",20,0.25,0.15,"Down",0.102,0.232322222222222
"GO_COFACTOR_BINDING",244,0.229508196721311,0.241803278688525,"Up",0.102,0.232322222222222
"GO_GLUTAMATE_RECEPTOR_ACTIVITY",27,0.555555555555556,0.0740740740740741,"Down",0.103,0.233458230958231
"GO_PHOSPHORIC_ESTER_HYDROLASE_ACTIVITY",334,0.251497005988024,0.24251497005988,"Up",0.103,0.233458230958231
"GO_GTP_RHO_BINDING",15,0.4,0.0666666666666667,"Down",0.104,0.234583129584352
"GO_OXIDOREDUCTASE_ACTIVITY_ACTING_ON_PEROXIDE_AS_ACCEPTOR",38,0.184210526315789,0.289473684210526,"Up",0.104,0.234583129584352
"GO_STRUCTURE_SPECIFIC_DNA_BINDING",112,0.276785714285714,0.178571428571429,"Down",0.106,0.237952554744526
"GO_PROTEIN_CHANNEL_ACTIVITY",11,0,0.181818181818182,"Up",0.106,0.237952554744526
"GO_POLYSACCHARIDE_BINDING",20,0.25,0.15,"Down",0.107,0.239475
"GO_SODIUM_CHANNEL_ACTIVITY",30,0.4,0.1,"Down",0.108,0.239475
"GO_CYCLIC_NUCLEOTIDE_GATED_ION_CHANNEL_ACTIVITY",11,0.363636363636364,0.181818181818182,"Down",0.108,0.239475
"GO_NUCLEOBASE_CONTAINING_COMPOUND_KINASE_ACTIVITY",45,0.311111111111111,0.222222222222222,"Down",0.108,0.239475
"GO_NUCLEOBASE_CONTAINING_COMPOUND_TRANSMEMBRANE_TRANSPORTER_ACTIVITY",29,0.137931034482759,0.275862068965517,"Up",0.108,0.239475
"GO_DIACYLGLYCEROL_KINASE_ACTIVITY",11,0.545454545454545,0.181818181818182,"Down",0.109,0.239475
"GO_STEROID_DEHYDROGENASE_ACTIVITY",24,0.0833333333333333,0.291666666666667,"Up",0.109,0.239475
"GO_THYROID_HORMONE_RECEPTOR_BINDING",29,0.172413793103448,0.241379310344828,"Up",0.109,0.239475
"GO_VOLTAGE_GATED_ANION_CHANNEL_ACTIVITY",16,0.1875,0.125,"Down",0.109,0.239475
"GO_AU_RICH_ELEMENT_BINDING",23,0.347826086956522,0.304347826086957,"Up",0.11,0.24053672985782
"GO_ENDODEOXYRIBONUCLEASE_ACTIVITY",47,0.212765957446809,0.212765957446809,"Up",0.11,0.24053672985782
"GO_EPHRIN_RECEPTOR_BINDING",24,0.333333333333333,0.375,"Up",0.112,0.24206206088993
"GO_1_PHOSPHATIDYLINOSITOL_BINDING",18,0.333333333333333,0.166666666666667,"Down",0.112,0.24206206088993
"GO_MANNOSYLTRANSFERASE_ACTIVITY",22,0.0909090909090909,0.272727272727273,"Up",0.112,0.24206206088993
"GO_OXIDOREDUCTASE_ACTIVITY_ACTING_ON_SINGLE_DONORS_WITH_INCORPORATION_OF_MOLECULAR_OXYGEN",26,0.269230769230769,0.230769230769231,"Up",0.112,0.24206206088993
"GO_SMAD_BINDING",69,0.202898550724638,0.260869565217391,"Up",0.112,0.24206206088993
"GO_PALMITOYL_COA_HYDROLASE_ACTIVITY",10,0.2,0.1,"Down",0.113,0.24366238317757
"GO_EXTRACELLULAR_GLUTAMATE_GATED_ION_CHANNEL_ACTIVITY",20,0.5,0.05,"Down",0.115,0.246840697674419
"GO_RECEPTOR_SIGNALING_PROTEIN_ACTIVITY",165,0.303030303030303,0.266666666666667,"Up",0.115,0.246840697674419
"GO_TRANSCRIPTIONAL_REPRESSOR_ACTIVITY_RNA_POLYMERASE_II_TRANSCRIPTION_FACTOR_BINDING",82,0.25609756097561,0.195121951219512,"Down",0.116,0.24841879350348
"GO_CYTOSKELETAL_ADAPTOR_ACTIVITY",16,0.375,0.1875,"Down",0.118,0.250973502304147
"GO_PHOSPHOLIPASE_INHIBITOR_ACTIVITY",11,0.0909090909090909,0.363636363636364,"Up",0.118,0.250973502304147
"GO_SIALYLTRANSFERASE_ACTIVITY",21,0.285714285714286,0.333333333333333,"Up",0.118,0.250973502304147
"GO_CHANNEL_REGULATOR_ACTIVITY",124,0.25,0.120967741935484,"Down",0.119,0.251371853546911
"GO_GLUTATHIONE_PEROXIDASE_ACTIVITY",16,0.125,0.25,"Up",0.119,0.251371853546911
"GO_DISULFIDE_OXIDOREDUCTASE_ACTIVITY",29,0.0689655172413793,0.241379310344828,"Up",0.119,0.251371853546911
"GO_OXIDOREDUCTASE_ACTIVITY_ACTING_ON_PAIRED_DONORS_WITH_INCORPORATION_OR_REDUCTION_OF_MOLECULAR_OXYGEN_NAD_P_H_AS_ONE_DONOR_AND_INCORPORATION_OF_ONE_ATOM_OF_OXYGEN",29,0.241379310344828,0.137931034482759,"Down",0.12,0.252914383561644
"GO_PROTEIN_KINASE_C_ACTIVITY",16,0.1875,0.25,"Up",0.122,0.256561503416857
"GO_PEPTIDYL_PROLINE_DIOXYGENASE_ACTIVITY",9,0.111111111111111,0.333333333333333,"Up",0.125,0.262298863636364
"GO_PHOSPHATIDIC_ACID_BINDING",12,0.333333333333333,0.25,"Down",0.127,0.264707674943567
"GO_RNA_POLYMERASE_I_ACTIVITY",12,0,0.333333333333333,"Up",0.127,0.264707674943567
"GO_PALMITOYLTRANSFERASE_ACTIVITY",34,0.205882352941176,0.117647058823529,"Down",0.127,0.264707674943567
"GO_NEUROTRANSMITTER_BINDING",26,0.346153846153846,0.0384615384615385,"Down",0.128,0.266199324324324
"GO_NADPH_BINDING",12,0.25,0.166666666666667,"Down",0.129,0.267684269662921
"GO_ANKYRIN_BINDING",20,0.3,0.15,"Down",0.13,0.269162556053812
"GO_NEUROPEPTIDE_BINDING",20,0.3,0,"Down",0.132,0.272099330357143
"GO_METALLOENDOPEPTIDASE_ACTIVITY",104,0.278846153846154,0.163461538461538,"Down",0.132,0.272099330357143
"GO_GLUTATHIONE_TRANSFERASE_ACTIVITY",24,0.208333333333333,0.25,"Up",0.133,0.27295
"GO_CHANNEL_INHIBITOR_ACTIVITY",34,0.235294117647059,0.176470588235294,"Down",0.133,0.27295
"GO_RIBONUCLEOPROTEIN_COMPLEX_BINDING",87,0.218390804597701,0.298850574712644,"Up",0.134,0.27440022172949
"GO_TRANSMEMBRANE_RECEPTOR_PROTEIN_KINASE_ACTIVITY",77,0.38961038961039,0.116883116883117,"Down",0.137,0.279945796460177
"GO_SODIUM_ION_TRANSMEMBRANE_TRANSPORTER_ACTIVITY",128,0.3046875,0.15625,"Down",0.139,0.283420529801325
"GO_CARBONATE_DEHYDRATASE_ACTIVITY",14,0.214285714285714,0.142857142857143,"Down",0.14,0.284838105726872
"GO_SEROTONIN_RECEPTOR_ACTIVITY",13,0.307692307692308,0,"Down",0.141,0.285621710526316
"GO_NEUROTRANSMITTER_TRANSPORTER_ACTIVITY",25,0.28,0,"Down",0.141,0.285621710526316
"GO_TRANSFERASE_ACTIVITY_TRANSFERRING_NITROGENOUS_GROUPS",19,0.315789473684211,0.210526315789474,"Down",0.142,0.28639847161572
"GO_CYCLIN_DEPENDENT_PROTEIN_SERINE_THREONINE_KINASE_REGULATOR_ACTIVITY",26,0.269230769230769,0.0769230769230769,"Down",0.142,0.28639847161572
"GO_SINGLE_STRANDED_DNA_BINDING",77,0.220779220779221,0.0909090909090909,"Down",0.143,0.287794117647059
"GO_LIGAND_GATED_CHANNEL_ACTIVITY",129,0.372093023255814,0.10077519379845,"Down",0.144,0.288556399132321
"GO_RECEPTOR_INHIBITOR_ACTIVITY",12,0.166666666666667,0.25,"Up",0.144,0.288556399132321
"GO_PHOSPHATIDYLINOSITOL_3_4_5_TRISPHOSPHATE_BINDING",33,0.303030303030303,0.272727272727273,"Up",0.147,0.293951298701299
"GO_NEUROTRANSMITTER_RECEPTOR_ACTIVITY",62,0.387096774193548,0.0645161290322581,"Down",0.149,0.295406652360515
"GO_GLUCOCORTICOID_RECEPTOR_BINDING",14,0.285714285714286,0.285714285714286,"Up",0.149,0.295406652360515
"GO_PHOSPHOLIPID_BINDING",338,0.260355029585799,0.224852071005917,"Up",0.149,0.295406652360515
"GO_PHOSPHATASE_INHIBITOR_ACTIVITY",33,0.242424242424242,0.212121212121212,"Down",0.149,0.295406652360515
"GO_BETA_CATENIN_BINDING",78,0.307692307692308,0.192307692307692,"Down",0.151,0.297470149253731
"GO_MOLECULAR_FUNCTION_REGULATOR",1243,0.238938053097345,0.242156074014481,"Up",0.151,0.297470149253731
"GO_CALCIUM_CHANNEL_REGULATOR_ACTIVITY",36,0.138888888888889,0.0555555555555556,"Down",0.151,0.297470149253731
"GO_DOUBLE_STRANDED_RNA_BINDING",59,0.203389830508475,0.23728813559322,"Up",0.152,0.298809574468085
"GO_RNA_HELICASE_ACTIVITY",66,0.227272727272727,0.287878787878788,"Up",0.153,0.300143312101911
"GO_ENHANCER_BINDING",90,0.188888888888889,0.244444444444444,"Up",0.155,0.303435381355932
"GO_EXTRACELLULAR_LIGAND_GATED_ION_CHANNEL_ACTIVITY",70,0.457142857142857,0.1,"Down",0.156,0.304110759493671
"GO_TAU_PROTEIN_BINDING",12,0.166666666666667,0.25,"Up",0.156,0.304110759493671
"GO_PROTEIN_COMPLEX_BINDING",859,0.260768335273574,0.249126891734575,"Up",0.157,0.305422105263158
"GO_RAB_GTPASE_BINDING",111,0.252252252252252,0.252252252252252,"Up",0.159,0.308675420168067
"GO_TRANSMITTER_GATED_CHANNEL_ACTIVITY",26,0.538461538461538,0.115384615384615,"Down",0.161,0.311915094339623
"GO_NEUROPEPTIDE_RECEPTOR_ACTIVITY",40,0.275,0.025,"Down",0.162,0.312548016701461
"GO_TRANSCRIPTIONAL_REPRESSOR_ACTIVITY_RNA_POLYMERASE_II_TRANSCRIPTION_REGULATORY_REGION_SEQUENCE_SPECIFIC_BINDING",158,0.215189873417722,0.272151898734177,"Up",0.162,0.312548016701461
"GO_NAD_BINDING",52,0.192307692307692,0.211538461538462,"Up",0.164,0.315717391304348
"GO_CALCIUM_DEPENDENT_CYSTEINE_TYPE_ENDOPEPTIDASE_ACTIVITY",18,0.388888888888889,0.222222222222222,"Down",0.165,0.315717391304348
"GO_HISTONE_BINDING",143,0.272727272727273,0.13986013986014,"Down",0.165,0.315717391304348
"GO_CORECEPTOR_ACTIVITY",33,0.272727272727273,0.272727272727273,"Up",0.165,0.315717391304348
"GO_SOLUTE_SODIUM_SYMPORTER_ACTIVITY",51,0.254901960784314,0.137254901960784,"Down",0.167,0.318238144329897
"GO_TASTE_RECEPTOR_ACTIVITY",20,0.05,0,"Down",0.167,0.318238144329897
"GO_P53_BINDING",64,0.265625,0.21875,"Down",0.169,0.32073819301848
"GO_RNA_DNA_HYBRID_RIBONUCLEASE_ACTIVITY",7,0,0.142857142857143,"Up",0.169,0.32073819301848
"GO_TRANSMEMBRANE_RECEPTOR_PROTEIN_PHOSPHATASE_ACTIVITY",17,0.470588235294118,0.176470588235294,"Down",0.17,0.321322085889571
"GO_HSP70_PROTEIN_BINDING",28,0.25,0.25,"Up",0.17,0.321322085889571
"GO_HORMONE_RECEPTOR_BINDING",148,0.216216216216216,0.22972972972973,"Up",0.171,0.321822874493927
"GO_FIBRONECTIN_BINDING",26,0.346153846153846,0.153846153846154,"Down",0.172,0.321822874493927
"GO_CORE_PROMOTER_BINDING",146,0.184931506849315,0.26027397260274,"Up",0.172,0.321822874493927
"GO_HYDROLASE_ACTIVITY_ACTING_ON_CARBON_NITROGEN_BUT_NOT_PEPTIDE_BONDS_IN_CYCLIC_AMIDINES",27,0.148148148148148,0.259259259259259,"Up",0.172,0.321822874493927
"GO_CALCIUM_DEPENDENT_PHOSPHOLIPID_BINDING",51,0.254901960784314,0.0784313725490196,"Down",0.172,0.321822874493927
"GO_ACETYLCHOLINE_BINDING",20,0.35,0.05,"Down",0.173,0.323045454545455
"GO_CLATHRIN_BINDING",61,0.327868852459016,0.114754098360656,"Down",0.174,0.323610663983903
"GO_PHOSPHATIDYLSERINE_BINDING",31,0.258064516129032,0.129032258064516,"Down",0.174,0.323610663983903
"GO_TRANSCRIPTIONAL_REPRESSOR_ACTIVITY_RNA_POLYMERASE_II_ACTIVATING_TRANSCRIPTION_FACTOR_BINDING",52,0.211538461538462,0.211538461538462,"Down",0.175,0.324822289156626
"GO_PROTEIN_TYROSINE_PHOSPHATASE_ACTIVITY",96,0.270833333333333,0.291666666666667,"Up",0.176,0.326029058116232
"GO_POTASSIUM_ION_BINDING",14,0.285714285714286,0.142857142857143,"Down",0.177,0.327231
"GO_STRUCTURAL_CONSTITUENT_OF_CYTOSKELETON",94,0.287234042553192,0.159574468085106,"Down",0.178,0.3283125
"GO_PHOSPHATIDYLINOSITOL_PHOSPHATE_PHOSPHATASE_ACTIVITY",27,0.296296296296296,0.222222222222222,"Down",0.179,0.3283125
"GO_TRANSFERASE_ACTIVITY_TRANSFERRING_PHOSPHORUS_CONTAINING_GROUPS",925,0.271351351351351,0.236756756756757,"Up",0.179,0.3283125
"GO_RETINOL_DEHYDROGENASE_ACTIVITY",17,0.0588235294117647,0.176470588235294,"Up",0.179,0.3283125
"GO_INSULIN_LIKE_GROWTH_FACTOR_RECEPTOR_BINDING",14,0.142857142857143,0.428571428571429,"Up",0.18,0.328846837944664
"GO_SIGNAL_TRANSDUCER_ACTIVITY",1430,0.212587412587413,0.20979020979021,"Up",0.18,0.328846837944664
"GO_EXCITATORY_EXTRACELLULAR_LIGAND_GATED_ION_CHANNEL_ACTIVITY",51,0.411764705882353,0.0980392156862745,"Down",0.182,0.331855029585799
"GO_SULFATE_TRANSMEMBRANE_TRANSPORTER_ACTIVITY",13,0.153846153846154,0.0769230769230769,"Down",0.183,0.33302657480315
"GO_NUCLEOSIDE_KINASE_ACTIVITY",13,0.307692307692308,0.153846153846154,"Down",0.184,0.334193516699411
"GO_ACYL_COA_DEHYDROGENASE_ACTIVITY",17,0.117647058823529,0.294117647058824,"Up",0.186,0.337173529411765
"GO_KINASE_REGULATOR_ACTIVITY",175,0.222857142857143,0.24,"Up",0.187,0.338327788649706
"GO_WIDE_PORE_CHANNEL_ACTIVITY",23,0.0434782608695652,0.0869565217391304,"Down",0.19,0.3430986328125
"GO_HISTONE_ACETYLTRANSFERASE_BINDING",28,0.178571428571429,0.25,"Up",0.191,0.343567120622568
"GO_ANION_CATION_SYMPORTER_ACTIVITY",53,0.245283018867925,0.132075471698113,"Down",0.191,0.343567120622568
"GO_VOLTAGE_GATED_POTASSIUM_CHANNEL_ACTIVITY",85,0.329411764705882,0.0705882352941176,"Down",0.195,0.3501
"GO_SIGNAL_SEQUENCE_BINDING",35,0.0857142857142857,0.2,"Up",0.196,0.350299038461538
"GO_BETA_1_3_GALACTOSYLTRANSFERASE_ACTIVITY",15,0.333333333333333,0.2,"Down",0.197,0.350299038461538
"GO_MACROLIDE_BINDING",18,0.277777777777778,0.222222222222222,"Up",0.197,0.350299038461538
"GO_FK506_BINDING",18,0.277777777777778,0.222222222222222,"Up",0.197,0.350299038461538
"GO_GALACTOSYLTRANSFERASE_ACTIVITY",30,0.266666666666667,0.233333333333333,"Up",0.197,0.350299038461538
"GO_ACETYLCHOLINE_RECEPTOR_ACTIVITY",26,0.307692307692308,0.0384615384615385,"Down",0.199,0.353185220729367
"GO_DELAYED_RECTIFIER_POTASSIUM_CHANNEL_ACTIVITY",34,0.382352941176471,0.0588235294117647,"Down",0.203,0.358924474187381
"GO_SNAP_RECEPTOR_ACTIVITY",36,0.138888888888889,0.277777777777778,"Up",0.203,0.358924474187381
"GO_NITRIC_OXIDE_SYNTHASE_BINDING",16,0.3125,0.3125,"Up",0.206,0.363546755725191
"GO_G_PROTEIN_COUPLED_NEUROTRANSMITTER_RECEPTOR_ACTIVITY",13,0.153846153846154,0,"Down",0.207,0.36462
"GO_ACTIN_BINDING",370,0.267567567567568,0.240540540540541,"Up",0.209,0.367451520912548
"GO_C2H2_ZINC_FINGER_DOMAIN_BINDING",14,0.142857142857143,0.214285714285714,"Up",0.211,0.37027229601518
"GO_DRUG_TRANSPORTER_ACTIVITY",19,0.210526315789474,0.315789473684211,"Up",0.212,0.370624763705104
"GO_THIOLESTER_HYDROLASE_ACTIVITY",31,0.129032258064516,0.129032258064516,"Down",0.212,0.370624763705104
"GO_INTRAMOLECULAR_TRANSFERASE_ACTIVITY_PHOSPHOTRANSFERASES",10,0.1,0,"Down",0.214,0.37342358490566
"GO_TROPOMYOSIN_BINDING",13,0.230769230769231,0.153846153846154,"Up",0.219,0.381449152542373
"GO_OXALATE_TRANSMEMBRANE_TRANSPORTER_ACTIVITY",11,0.181818181818182,0.0909090909090909,"Down",0.22,0.38247462406015
"GO_TRANSCRIPTIONAL_ACTIVATOR_ACTIVITY_RNA_POLYMERASE_II_TRANSCRIPTION_REGULATORY_REGION_SEQUENCE_SPECIFIC_BINDING",312,0.208333333333333,0.246794871794872,"Up",0.223,0.38667679558011
"GO_POTASSIUM_TRANSPORTING_ATPASE_ACTIVITY",11,0.454545454545455,0.272727272727273,"Down",0.224,0.38667679558011
"GO_ORGANIC_ACID_SODIUM_SYMPORTER_ACTIVITY",30,0.3,0.2,"Down",0.225,0.38667679558011
"GO_S100_PROTEIN_BINDING",13,0.0769230769230769,0.0769230769230769,"Down",0.225,0.38667679558011
"GO_GDP_DISSOCIATION_INHIBITOR_ACTIVITY",11,0.272727272727273,0.363636363636364,"Up",0.226,0.38667679558011
"GO_FAD_BINDING",14,0.357142857142857,0.142857142857143,"Down",0.226,0.38667679558011
"GO_PROTEIN_HETERODIMERIZATION_ACTIVITY",393,0.272264631043257,0.229007633587786,"Up",0.226,0.38667679558011
"GO_BITTER_TASTE_RECEPTOR_ACTIVITY",15,0,0,"Down",0.226,0.38667679558011
"GO_POLY_A_BINDING",12,0.333333333333333,0.0833333333333333,"Down",0.227,0.38667679558011
"GO_KINASE_ACTIVITY",788,0.276649746192893,0.243654822335025,"Up",0.227,0.38667679558011
"GO_PHOSPHOPROTEIN_PHOSPHATASE_ACTIVITY",165,0.260606060606061,0.272727272727273,"Up",0.227,0.38667679558011
"GO_MISMATCHED_DNA_BINDING",12,0.333333333333333,0.166666666666667,"Down",0.23,0.391078125
"GO_DNA_POLYMERASE_BINDING",12,0.25,0.0833333333333333,"Down",0.232,0.393762385321101
"GO_NUCLEAR_LOCALIZATION_SEQUENCE_BINDING",19,0.0526315789473684,0.210526315789474,"Up",0.234,0.396436813186813
"GO_MITOGEN_ACTIVATED_PROTEIN_KINASE_KINASE_KINASE_BINDING",18,0.388888888888889,0.166666666666667,"Down",0.235,0.39740676416819
"GO_UBIQUITIN_LIKE_PROTEIN_BINDING",110,0.245454545454545,0.272727272727273,"Up",0.238,0.401756386861314
"GO_ENZYME_INHIBITOR_ACTIVITY",332,0.207831325301205,0.213855421686747,"Up",0.239,0.402713114754098
"GO_ACTIVIN_BINDING",12,0.0833333333333333,0.25,"Up",0.24,0.403666363636364
"GO_PROTEASOME_BINDING",16,0.1875,0.25,"Down",0.242,0.406298548094374
"GO_RNA_POLYMERASE_BINDING",32,0.3125,0.125,"Down",0.245,0.410600543478261
"GO_POTASSIUM_CHANNEL_ACTIVITY",115,0.330434782608696,0.0956521739130435,"Down",0.247,0.411721621621622
"GO_GLYCOLIPID_BINDING",17,0.117647058823529,0.294117647058824,"Up",0.247,0.411721621621622
"GO_HSP90_PROTEIN_BINDING",26,0.269230769230769,0.230769230769231,"Up",0.247,0.411721621621622
"GO_ION_CHANNEL_BINDING",102,0.313725490196078,0.186274509803922,"Down",0.249,0.413571813285458
"GO_TRANSCRIPTION_FACTOR_ACTIVITY_RNA_POLYMERASE_II_CORE_PROMOTER_PROXIMAL_REGION_SEQUENCE_SPECIFIC_BINDING",321,0.224299065420561,0.258566978193146,"Up",0.249,0.413571813285458
"GO_PEPTIDASE_REGULATOR_ACTIVITY",183,0.19672131147541,0.19672131147541,"Up",0.25,0.414491935483871
"GO_PHOSPHATIDYLINOSITOL_BINDING",190,0.289473684210526,0.247368421052632,"Up",0.252,0.416322321428571
"GO_POLY_A_RNA_BINDING",1067,0.198687910028116,0.23805060918463,"Up",0.252,0.416322321428571
"GO_THREONINE_TYPE_PEPTIDASE_ACTIVITY",21,0.0952380952380952,0.19047619047619,"Up",0.253,0.417232620320856
"GO_PEPTIDASE_INHIBITOR_ACTIVITY",149,0.167785234899329,0.181208053691275,"Up",0.255,0.41904351687389
"GO_CARBOHYDRATE_TRANSPORTER_ACTIVITY",40,0.125,0.175,"Up",0.255,0.41904351687389
"GO_POTASSIUM_ION_TRANSMEMBRANE_TRANSPORTER_ACTIVITY",138,0.318840579710145,0.115942028985507,"Down",0.257,0.421587765957447
"GO_PROTEIN_DOMAIN_SPECIFIC_BINDING",583,0.283018867924528,0.246998284734134,"Up",0.26,0.42501148409894
"GO_OXIDOREDUCTASE_ACTIVITY",630,0.214285714285714,0.211111111111111,"Up",0.26,0.42501148409894
"GO_MAGNESIUM_ION_BINDING",185,0.275675675675676,0.243243243243243,"Up",0.262,0.426779049295775
"GO_POLYPEPTIDE_N_ACETYLGALACTOSAMINYLTRANSFERASE_ACTIVITY",15,0.2,0.2,"Up",0.262,0.426779049295775
"GO_EXOPEPTIDASE_ACTIVITY",96,0.25,0.21875,"Up",0.265,0.430916520210896
"GO_NUCLEOTIDYLTRANSFERASE_ACTIVITY",119,0.226890756302521,0.210084033613445,"Up",0.266,0.431786842105263
"GO_TRANSLATION_FACTOR_ACTIVITY_RNA_BINDING",78,0.230769230769231,0.294871794871795,"Up",0.268,0.432761780104712
"GO_COFACTOR_TRANSPORTER_ACTIVITY",21,0.285714285714286,0.19047619047619,"Down",0.268,0.432761780104712
"GO_COLLAGEN_BINDING",60,0.266666666666667,0.233333333333333,"Up",0.268,0.432761780104712
"GO_ISOMERASE_ACTIVITY",142,0.21830985915493,0.183098591549296,"Up",0.27,0.435237804878049
"GO_RAN_GTPASE_BINDING",30,0.2,0.133333333333333,"Down",0.277,0.445766086956522
"GO_MODIFIED_AMINO_ACID_BINDING",59,0.254237288135593,0.186440677966102,"Down",0.278,0.4466015625
"GO_CARBOHYDRATE_PHOSPHATASE_ACTIVITY",10,0.2,0.3,"Up",0.279,0.447434142114385
"GO_L_AMINO_ACID_TRANSMEMBRANE_TRANSPORTER_ACTIVITY",53,0.283018867924528,0.264150943396226,"Up",0.284,0.454679065743945
"GO_OXIDOREDUCTASE_ACTIVITY_ACTING_ON_THE_CH_NH2_GROUP_OF_DONORS",17,0.470588235294118,0.176470588235294,"Down",0.285,0.45549481865285
"GO_GUANYL_NUCLEOTIDE_EXCHANGE_FACTOR_ACTIVITY",283,0.257950530035336,0.254416961130742,"Up",0.286,0.455522375215146
"GO_HISTONE_KINASE_ACTIVITY",18,0.166666666666667,0.222222222222222,"Up",0.286,0.455522375215146
"GO_H4_HISTONE_ACETYLTRANSFERASE_ACTIVITY",13,0.153846153846154,0.153846153846154,"Up",0.293,0.465889175257732
"GO_RECEPTOR_SIGNALING_COMPLEX_SCAFFOLD_ACTIVITY",23,0.304347826086957,0.304347826086957,"Up",0.295,0.468270154373928
"GO_CARBON_OXYGEN_LYASE_ACTIVITY",62,0.129032258064516,0.193548387096774,"Up",0.297,0.470594387755102
"GO_CALCIUM_ACTIVATED_POTASSIUM_CHANNEL_ACTIVITY",17,0.352941176470588,0.117647058823529,"Down",0.298,0.470594387755102
"GO_TRANSFORMING_GROWTH_FACTOR_BETA_RECEPTOR_BINDING",48,0.208333333333333,0.270833333333333,"Up",0.299,0.470594387755102
"GO_ORGANOPHOSPHATE_ESTER_TRANSMEMBRANE_TRANSPORTER_ACTIVITY",21,0.19047619047619,0.238095238095238,"Up",0.299,0.470594387755102
"GO_RECEPTOR_ACTIVITY",1327,0.207987942727958,0.201959306706858,"Up",0.299,0.470594387755102
"GO_RIBOSOME_BINDING",42,0.261904761904762,0.357142857142857,"Up",0.302,0.473712711864407
"GO_NEUROPEPTIDE_HORMONE_ACTIVITY",27,0.185185185185185,0.037037037037037,"Down",0.302,0.473712711864407
"GO_PSEUDOURIDINE_SYNTHASE_ACTIVITY",13,0.307692307692308,0.153846153846154,"Down",0.303,0.474479695431472
"GO_SNRNA_BINDING",33,0.181818181818182,0.212121212121212,"Up",0.305,0.476005902192243
"GO_OXIDOREDUCTASE_ACTIVITY_ACTING_ON_NAD_P_H",82,0.158536585365854,0.182926829268293,"Up",0.305,0.476005902192243
"GO_TRANSCRIPTIONAL_ACTIVATOR_ACTIVITY_RNA_POLYMERASE_II_CORE_PROMOTER_PROXIMAL_REGION_SEQUENCE_SPECIFIC_BINDING",224,0.214285714285714,0.241071428571429,"Up",0.306,0.476765151515151
"GO_GATED_CHANNEL_ACTIVITY",303,0.333333333333333,0.122112211221122,"Down",0.307,0.477521848739496
"GO_HORMONE_ACTIVITY",97,0.175257731958763,0.103092783505155,"Down",0.31,0.481386744966443
"GO_SIGNALING_RECEPTOR_ACTIVITY",1104,0.198369565217391,0.186594202898551,"Up",0.311,0.482133165829146
"GO_MONOVALENT_CATION_PROTON_ANTIPORTER_ACTIVITY",12,0.416666666666667,0.25,"Down",0.314,0.485977424749164
"GO_VOLTAGE_GATED_CATION_CHANNEL_ACTIVITY",130,0.3,0.0923076923076923,"Down",0.315,0.486713689482471
"GO_RECEPTOR_ACTIVATOR_ACTIVITY",32,0.28125,0.125,"Down",0.318,0.489721297836938
"GO_TRANSCRIPTION_COREPRESSOR_ACTIVITY",201,0.258706467661692,0.258706467661692,"Up",0.318,0.489721297836938
"GO_OXYGEN_TRANSPORTER_ACTIVITY",10,0.1,0,"Down",0.32,0.491987541528239
"GO_SINGLE_STRANDED_DNA_DEPENDENT_ATPASE_ACTIVITY",13,0.307692307692308,0.0769230769230769,"Down",0.321,0.492708955223881
"GO_ATPASE_ACTIVITY",401,0.27431421446384,0.192019950124688,"Down",0.322,0.49342798013245
"GO_SYNTAXIN_BINDING",88,0.261363636363636,0.136363636363636,"Down",0.323,0.494144628099174
"GO_UNFOLDED_PROTEIN_BINDING",86,0.127906976744186,0.197674418604651,"Up",0.324,0.494858910891089
"GO_ION_GATED_CHANNEL_ACTIVITY",41,0.268292682926829,0.121951219512195,"Down",0.326,0.49709802306425
"GO_OXIDIZED_NAD_BINDING",13,0.153846153846154,0.230769230769231,"Up",0.327,0.497805098684211
"GO_SINGLE_STRANDED_RNA_BINDING",60,0.266666666666667,0.183333333333333,"Up",0.328,0.498509852216749
"GO_GABA_RECEPTOR_BINDING",15,0.2,0.2,"Up",0.329,0.499212295081967
"GO_MODIFIED_AMINO_ACID_TRANSMEMBRANE_TRANSPORTER_ACTIVITY",16,0.375,0.1875,"Up",0.337,0.509698529411765
"GO_INTRACELLULAR_LIGAND_GATED_ION_CHANNEL_ACTIVITY",28,0.285714285714286,0.178571428571429,"Down",0.337,0.509698529411765
"GO_CHROMATIN_DNA_BINDING",76,0.25,0.236842105263158,"Up",0.34,0.513403752039152
"GO_PHOSPHATIDYLINOSITOL_BISPHOSPHATE_BINDING",68,0.352941176470588,0.235294117647059,"Up",0.343,0.517096905537459
"GO_CADHERIN_BINDING",28,0.25,0.178571428571429,"Down",0.344,0.517763414634146
"GO_MICROFILAMENT_MOTOR_ACTIVITY",19,0.315789473684211,0.157894736842105,"Down",0.345,0.51842775974026
"GO_LOW_DENSITY_LIPOPROTEIN_PARTICLE_BINDING",15,0.2,0.2,"Up",0.347,0.520224637681159
"GO_CULLIN_FAMILY_PROTEIN_BINDING",10,0.4,0.1,"Down",0.348,0.520224637681159
"GO_TRANSFERASE_ACTIVITY_TRANSFERRING_ACYL_GROUPS_OTHER_THAN_AMINO_ACYL_GROUPS",191,0.25130890052356,0.204188481675393,"Up",0.348,0.520224637681159
"GO_TRANSCRIPTION_FACTOR_ACTIVITY_RNA_POLYMERASE_II_CORE_PROMOTER_SEQUENCE_SPECIFIC",14,0.428571428571429,0.214285714285714,"Down",0.349,0.520224637681159
"GO_PASSIVE_TRANSMEMBRANE_TRANSPORTER_ACTIVITY",429,0.291375291375291,0.130536130536131,"Down",0.349,0.520224637681159
"GO_GTPASE_INHIBITOR_ACTIVITY",14,0.285714285714286,0.285714285714286,"Down",0.352,0.523859324758842
"GO_CARBOHYDRATE_DERIVATIVE_TRANSPORTER_ACTIVITY",33,0.181818181818182,0.212121212121212,"Up",0.355,0.527482343499197
"GO_KINESIN_BINDING",30,0.466666666666667,0.233333333333333,"Down",0.357,0.5287608
"GO_AMMONIUM_ION_BINDING",64,0.34375,0.125,"Down",0.357,0.5287608
"GO_STRUCTURAL_CONSTITUENT_OF_NUCLEAR_PORE",13,0.230769230769231,0.230769230769231,"Up",0.358,0.52939696485623
"GO_SPECTRIN_BINDING",24,0.25,0.125,"Down",0.361,0.532988038277512
"GO_UBIQUITIN_LIKE_PROTEIN_CONJUGATING_ENZYME_BINDING",32,0.28125,0.25,"Up",0.362,0.533615445859873
"GO_TRANSCRIPTION_FACTOR_ACTIVITY_DIRECT_LIGAND_REGULATED_SEQUENCE_SPECIFIC_DNA_BINDING",46,0.260869565217391,0.260869565217391,"Up",0.363,0.534240858505564
"GO_PHOSPHATIDYLINOSITOL_4_5_BISPHOSPHATE_BINDING",47,0.340425531914894,0.191489361702128,"Down",0.365,0.535485736925515
"GO_OXIDOREDUCTASE_ACTIVITY_ACTING_ON_THE_CH_NH_GROUP_OF_DONORS",25,0.2,0.24,"Up",0.365,0.535485736925515
"GO_INWARD_RECTIFIER_POTASSIUM_CHANNEL_ACTIVITY",21,0.238095238095238,0.0476190476190476,"Down",0.368,0.53880047318612
"GO_GTPASE_ACTIVITY",222,0.279279279279279,0.256756756756757,"Up",0.369,0.53880047318612
"GO_SULFUR_COMPOUND_TRANSMEMBRANE_TRANSPORTER_ACTIVITY",26,0.230769230769231,0.153846153846154,"Down",0.369,0.53880047318612
"GO_CYCLIN_DEPENDENT_PROTEIN_KINASE_ACTIVITY",33,0.242424242424242,0.121212121212121,"Down",0.371,0.540871653543307
"GO_NUCLEOTIDASE_ACTIVITY",12,0.25,0.25,"Up",0.38,0.553139150943396
"GO_PHOSPHATASE_ACTIVATOR_ACTIVITY",8,0.25,0.25,"Up",0.381,0.553726059654631
"GO_RIBOSOMAL_SMALL_SUBUNIT_BINDING",11,0.272727272727273,0.181818181818182,"Up",0.382,0.554311128526646
"GO_VOLTAGE_GATED_ION_CHANNEL_ACTIVITY",180,0.3,0.122222222222222,"Down",0.384,0.555189252336449
"GO_NEUROPEPTIDE_RECEPTOR_BINDING",27,0.148148148148148,0.0740740740740741,"Down",0.384,0.555189252336449
"GO_DOUBLE_STRANDED_DNA_BINDING",665,0.222556390977444,0.237593984962406,"Up",0.385,0.555189252336449
"GO_ATP_DEPENDENT_DNA_HELICASE_ACTIVITY",32,0.21875,0.09375,"Down",0.385,0.555189252336449
"GO_DNA_HELICASE_ACTIVITY",50,0.24,0.1,"Down",0.387,0.556343944099379
"GO_REGULATORY_REGION_NUCLEIC_ACID_BINDING",715,0.225174825174825,0.239160839160839,"Up",0.387,0.556343944099379
"GO_CALCIUM_ACTIVATED_CATION_CHANNEL_ACTIVITY",28,0.285714285714286,0.142857142857143,"Down",0.388,0.556918604651163
"GO_TRANSCRIPTION_FACTOR_ACTIVITY_RNA_POLYMERASE_II_TRANSCRIPTION_FACTOR_BINDING",128,0.25,0.2109375,"Down",0.39,0.558926470588235
"GO_ADENOSINE_DEAMINASE_ACTIVITY",10,0.2,0.2,"Down",0.392,0.559765384615385
"GO_GDP_BINDING",49,0.326530612244898,0.326530612244898,"Up",0.393,0.559765384615385
"GO_TBP_CLASS_PROTEIN_BINDING",19,0.263157894736842,0.157894736842105,"Down",0.393,0.559765384615385
"GO_ORGANIC_ACID_TRANSMEMBRANE_TRANSPORTER_ACTIVITY",136,0.227941176470588,0.227941176470588,"Up",0.393,0.559765384615385
"GO_SULFUR_COMPOUND_BINDING",220,0.3,0.195454545454545,"Down",0.396,0.563177419354839
"GO_TAU_PROTEIN_KINASE_ACTIVITY",12,0.25,0.166666666666667,"Down",0.397,0.563428899082569
"GO_DNA_N_GLYCOSYLASE_ACTIVITY",15,0.2,0.266666666666667,"Up",0.398,0.563428899082569
"GO_MACROMOLECULAR_COMPLEX_BINDING",1295,0.258687258687259,0.235521235521236,"Up",0.398,0.563428899082569
"GO_ZINC_ION_BINDING",1035,0.271497584541063,0.193236714975845,"Down",0.399,0.563983969465649
"GO_RECEPTOR_AGONIST_ACTIVITY",16,0.375,0.1875,"Down",0.401,0.565089041095891
"GO_ACIDIC_AMINO_ACID_TRANSMEMBRANE_TRANSPORTER_ACTIVITY",14,0.285714285714286,0.0714285714285714,"Down",0.401,0.565089041095891
"GO_ATPASE_REGULATOR_ACTIVITY",30,0.266666666666667,0.233333333333333,"Up",0.404,0.568456686930091
"GO_METALLOAMINOPEPTIDASE_ACTIVITY",12,0.166666666666667,0.166666666666667,"Up",0.405,0.569000758725342
"GO_ESTROGEN_RECEPTOR_BINDING",38,0.263157894736842,0.210526315789474,"Down",0.409,0.573756818181818
"GO_RNA_BINDING",1430,0.209090909090909,0.224475524475524,"Up",0.411,0.575693645990923
"GO_ANION_TRANSMEMBRANE_TRANSPORTER_ACTIVITY",274,0.255474452554745,0.167883211678832,"Down",0.412,0.576224320241692
"GO_PROTEIN_TYROSINE_KINASE_ACTIVITY",170,0.305882352941176,0.258823529411765,"Up",0.415,0.578676957831325
"GO_PHOSPHATASE_REGULATOR_ACTIVITY",78,0.217948717948718,0.205128205128205,"Down",0.415,0.578676957831325
"GO_ALKALI_METAL_ION_BINDING",20,0.25,0.15,"Down",0.418,0.581114864864865
"GO_COPPER_ION_BINDING",49,0.244897959183673,0.204081632653061,"Down",0.418,0.581114864864865
"GO_MONOOXYGENASE_ACTIVITY",73,0.191780821917808,0.150684931506849,"Down",0.419,0.581633433283358
"GO_METAL_ION_TRANSMEMBRANE_TRANSPORTER_ACTIVITY",399,0.280701754385965,0.160401002506266,"Down",0.42,0.582150449101796
"GO_HYDROLASE_ACTIVITY_ACTING_ON_ACID_ANHYDRIDES",760,0.284210526315789,0.203947368421053,"Down",0.422,0.584051569506726
"GO_S_ACYLTRANSFERASE_ACTIVITY",28,0.214285714285714,0.178571428571429,"Down",0.423,0.584563432835821
"GO_EXONUCLEASE_ACTIVITY_ACTIVE_WITH_EITHER_RIBO_OR_DEOXYRIBONUCLEIC_ACIDS_AND_PRODUCING_5_PHOSPHOMONOESTERS",41,0.219512195121951,0.24390243902439,"Up",0.428,0.590599850968703
"GO_DOPAMINE_BINDING",10,0.3,0.1,"Down",0.431,0.593859375
"GO_OPSONIN_BINDING",11,0.181818181818182,0.181818181818182,"Up",0.436,0.599864041604755
"GO_FATTY_ACYL_COA_BINDING",31,0.161290322580645,0.258064516129032,"Up",0.437,0.60034940652819
"GO_RNA_POLYMERASE_II_TRANSCRIPTION_FACTOR_ACTIVITY_SEQUENCE_SPECIFIC_DNA_BINDING",596,0.243288590604027,0.23489932885906,"Up",0.439,0.602206666666667
"GO_HYDROLASE_ACTIVITY_ACTING_ON_CARBON_NITROGEN_BUT_NOT_PEPTIDE_BONDS_IN_LINEAR_AMIDINES",11,0.0909090909090909,0.0909090909090909,"Down",0.441,0.604058431952663
"GO_RNA_DIRECTED_DNA_POLYMERASE_ACTIVITY",7,0.571428571428571,0.142857142857143,"Up",0.443,0.605011061946903
"GO_RHO_GTPASE_BINDING",74,0.337837837837838,0.27027027027027,"Up",0.443,0.605011061946903
"GO_ACTIVATING_TRANSCRIPTION_FACTOR_BINDING",57,0.245614035087719,0.263157894736842,"Up",0.444,0.605485272459499
"GO_RETINOID_X_RECEPTOR_BINDING",17,0.352941176470588,0.294117647058824,"Up",0.448,0.610047794117647
"GO_ACETYLGALACTOSAMINYLTRANSFERASE_ACTIVITY",30,0.266666666666667,0.233333333333333,"Up",0.449,0.610513215859031
"GO_PROTEIN_COMPLEX_SCAFFOLD",64,0.3125,0.296875,"Up",0.45,0.610977272727273
"GO_TRANSFERASE_ACTIVITY_TRANSFERRING_AMINO_ACYL_GROUPS",19,0.263157894736842,0.210526315789474,"Up",0.451,0.611439970717423
"GO_GLUCOSIDASE_ACTIVITY",12,0.25,0.166666666666667,"Up",0.452,0.611901315789474
"GO_GTPASE_BINDING",280,0.260714285714286,0.235714285714286,"Up",0.457,0.617774452554745
"GO_STRUCTURAL_CONSTITUENT_OF_MUSCLE",38,0.342105263157895,0.184210526315789,"Down",0.459,0.619576530612245
"GO_LAMININ_BINDING",29,0.379310344827586,0.172413793103448,"Down",0.461,0.621373362445415
"GO_HEPARAN_SULFATE_SULFOTRANSFERASE_ACTIVITY",14,0.571428571428571,0.142857142857143,"Down",0.464,0.624512354651163
"GO_PHOSPHATIDYLCHOLINE_1_ACYLHYDROLASE_ACTIVITY",11,0.181818181818182,0.0909090909090909,"Down",0.466,0.626296806966618
"GO_CYCLIN_BINDING",19,0.210526315789474,0.210526315789474,"Up",0.468,0.628076086956522
"GO_TRANSLATION_REGULATOR_ACTIVITY",32,0.28125,0.21875,"Down",0.471,0.631191751085384
"GO_RNA_POLYMERASE_II_ACTIVATING_TRANSCRIPTION_FACTOR_BINDING",36,0.194444444444444,0.25,"Up",0.472,0.631619219653179
"GO_DAMAGED_DNA_BINDING",62,0.193548387096774,0.161290322580645,"Down",0.475,0.634720779220779
"GO_ACID_AMINO_ACID_LIGASE_ACTIVITY",19,0.157894736842105,0.105263157894737,"Down",0.476,0.635141930835735
"GO_NUCLEOSIDE_DIPHOSPHATE_KINASE_ACTIVITY",15,0.266666666666667,0.2,"Down",0.477,0.635561870503597
"GO_RNA_METHYLTRANSFERASE_ACTIVITY",35,0.228571428571429,0.257142857142857,"Down",0.478,0.635980603448276
"GO_VOLTAGE_GATED_CALCIUM_CHANNEL_ACTIVITY",42,0.261904761904762,0.119047619047619,"Down",0.48,0.637229613733906
"GO_HYALURONIC_ACID_BINDING",21,0.428571428571429,0.238095238095238,"Down",0.481,0.637229613733906
"GO_PHOSPHATE_ION_TRANSMEMBRANE_TRANSPORTER_ACTIVITY",17,0.235294117647059,0.0588235294117647,"Down",0.481,0.637229613733906
"GO_LACTATE_TRANSMEMBRANE_TRANSPORTER_ACTIVITY",11,0.181818181818182,0.181818181818182,"Up",0.483,0.638967857142857
"GO_CARBOXYPEPTIDASE_ACTIVITY",37,0.27027027027027,0.216216216216216,"Up",0.494,0.652602710413695
"GO_PEPTIDASE_ACTIVATOR_ACTIVITY",35,0.342857142857143,0.257142857142857,"Up",0.495,0.65299358974359
"GO_POLY_PYRIMIDINE_TRACT_BINDING",17,0.411764705882353,0.235294117647059,"Down",0.497,0.654701991465149
"GO_GLYCOPROTEIN_BINDING",96,0.34375,0.239583333333333,"Down",0.499,0.656405539772727
"GO_PLATELET_DERIVED_GROWTH_FACTOR_BINDING",11,0.181818181818182,0.181818181818182,"Down",0.501,0.657934322033898
"GO_TRANSMEMBRANE_RECEPTOR_PROTEIN_SERINE_THREONINE_KINASE_ACTIVITY",17,0.294117647058824,0.235294117647059,"Up",0.502,0.657934322033898
"GO_CATION_CHANNEL_ACTIVITY",276,0.293478260869565,0.141304347826087,"Down",0.503,0.657934322033898
"GO_MONOVALENT_INORGANIC_CATION_TRANSMEMBRANE_TRANSPORTER_ACTIVITY",339,0.253687315634218,0.153392330383481,"Down",0.503,0.657934322033898
"GO_ANDROGEN_RECEPTOR_BINDING",39,0.282051282051282,0.179487179487179,"Down",0.508,0.662609154929578
"GO_RAL_GTPASE_BINDING",13,0.230769230769231,0.230769230769231,"Up",0.508,0.662609154929578
"GO_HEPARIN_BINDING",145,0.303448275862069,0.206896551724138,"Down",0.51,0.663351825842697
"GO_PROTEIN_TRANSPORTER_ACTIVITY",95,0.147368421052632,0.157894736842105,"Up",0.51,0.663351825842697
"GO_RNA_POLYMERASE_II_TRANSCRIPTION_COREPRESSOR_ACTIVITY",24,0.333333333333333,0.25,"Down",0.511,0.66372159887798
"GO_PHOSPHOTRANSFERASE_ACTIVITY_NITROGENOUS_GROUP_AS_ACCEPTOR",11,0.0909090909090909,0.0909090909090909,"Up",0.512,0.664090336134454
"GO_TELOMERIC_DNA_BINDING",28,0.321428571428571,0.142857142857143,"Down",0.515,0.667051048951049
"GO_CATION_AMINO_ACID_SYMPORTER_ACTIVITY",16,0.25,0.1875,"Down",0.516,0.667414106145251
"GO_CYTOSKELETAL_PROTEIN_BINDING",769,0.313394018205462,0.208062418725618,"Down",0.52,0.671654811715481
"GO_ACETYLTRANSFERASE_ACTIVITY",91,0.252747252747253,0.21978021978022,"Up",0.522,0.672365090403338
"GO_G_PROTEIN_COUPLED_AMINE_RECEPTOR_ACTIVITY",43,0.209302325581395,0.0930232558139535,"Down",0.522,0.672365090403338
"GO_SYMPORTER_ACTIVITY",141,0.234042553191489,0.141843971631206,"Down",0.523,0.67271875
"GO_L_ASCORBIC_ACID_BINDING",17,0.294117647058824,0.294117647058824,"Up",0.526,0.674707063711911
"GO_SODIUM_CHANNEL_REGULATOR_ACTIVITY",30,0.233333333333333,0.2,"Down",0.526,0.674707063711911
"GO_UBIQUITIN_LIKE_PROTEIN_CONJUGATING_ENZYME_ACTIVITY",27,0.185185185185185,0.259259259259259,"Up",0.532,0.681466804979253
"GO_ACTIVE_TRANSMEMBRANE_TRANSPORTER_ACTIVITY",336,0.217261904761905,0.211309523809524,"Up",0.534,0.683086325966851
"GO_DNA_BINDING_BENDING",18,0.111111111111111,0.222222222222222,"Up",0.535,0.68342275862069
"GO_ALDEHYDE_DEHYDROGENASE_NAD_ACTIVITY",19,0.157894736842105,0.157894736842105,"Down",0.536,0.68375826446281
"GO_PHOSPHOLIPID_TRANSPORTER_ACTIVITY",43,0.255813953488372,0.255813953488372,"Up",0.537,0.684092847317744
"GO_ORGANIC_ACID_BINDING",187,0.25668449197861,0.18716577540107,"Down",0.538,0.684426510989011
"GO_SEQUENCE_SPECIFIC_DNA_BINDING",896,0.219866071428571,0.225446428571429,"Up",0.542,0.687958276333789
"GO_TRANSCRIPTION_FACTOR_ACTIVITY_PROTEIN_BINDING",547,0.254113345521024,0.226691042047532,"Up",0.543,0.687958276333789
"GO_INTEGRIN_BINDING",101,0.247524752475248,0.227722772277228,"Up",0.543,0.687958276333789
"GO_G_PROTEIN_COUPLED_RECEPTOR_BINDING",230,0.256521739130435,0.226086956521739,"Up",0.546,0.68987517053206
"GO_TETRAPYRROLE_BINDING",107,0.205607476635514,0.168224299065421,"Down",0.546,0.68987517053206
"GO_TRANSFERASE_ACTIVITY_TRANSFERRING_ONE_CARBON_GROUPS",172,0.203488372093023,0.232558139534884,"Up",0.551,0.69525
"GO_INTRACELLULAR_CALCIUM_ACTIVATED_CHLORIDE_CHANNEL_ACTIVITY",16,0.1875,0.125,"Down",0.554,0.698087755102041
"GO_SOLUTE_PROTON_ANTIPORTER_ACTIVITY",16,0.3125,0.25,"Up",0.556,0.699658288043478
"GO_DEMETHYLASE_ACTIVITY",31,0.258064516129032,0.290322580645161,"Up",0.559,0.701530487804878
"GO_INORGANIC_CATION_TRANSMEMBRANE_TRANSPORTER_ACTIVITY",495,0.250505050505051,0.165656565656566,"Down",0.559,0.701530487804878
"GO_ARF_GUANYL_NUCLEOTIDE_EXCHANGE_FACTOR_ACTIVITY",23,0.304347826086957,0.173913043478261,"Down",0.565,0.705543068640646
"GO_PROTEIN_SERINE_THREONINE_KINASE_ACTIVITY",420,0.283333333333333,0.223809523809524,"Up",0.565,0.705543068640646
"GO_ARACHIDONIC_ACID_MONOOXYGENASE_ACTIVITY",9,0,0,"Down",0.565,0.705543068640646
"GO_MYOSIN_V_BINDING",17,0.294117647058824,0.176470588235294,"Down",0.566,0.705543068640646
"GO_CYCLIN_DEPENDENT_PROTEIN_SERINE_THREONINE_KINASE_INHIBITOR_ACTIVITY",11,0.181818181818182,0.181818181818182,"Down",0.566,0.705543068640646
"GO_OXIDOREDUCTASE_ACTIVITY_ACTING_ON_PAIRED_DONORS_WITH_INCORPORATION_OR_REDUCTION_OF_MOLECULAR_OXYGEN_REDUCED_FLAVIN_OR_FLAVOPROTEIN_AS_ONE_DONOR_AND_INCORPORATION_OF_ONE_ATOM_OF_OXYGEN",17,0.0588235294117647,0.0588235294117647,"Down",0.568,0.707086693548387
"GO_UBIQUITIN_UBIQUITIN_LIGASE_ACTIVITY",13,0.0769230769230769,0.153846153846154,"Up",0.569,0.707381879194631
"GO_OXIDOREDUCTASE_ACTIVITY_ACTING_ON_PAIRED_DONORS_WITH_INCORPORATION_OR_REDUCTION_OF_MOLECULAR_OXYGEN",122,0.204918032786885,0.213114754098361,"Up",0.572,0.710161528150134
"GO_PEPTIDE_RECEPTOR_ACTIVITY",121,0.206611570247934,0.198347107438017,"Up",0.574,0.711692771084337
"GO_PROTEIN_LIPID_COMPLEX_BINDING",23,0.260869565217391,0.217391304347826,"Up",0.575,0.711980614973262
"GO_TRANSFERASE_ACTIVITY_TRANSFERRING_SULFUR_CONTAINING_GROUPS",60,0.266666666666667,0.183333333333333,"Up",0.579,0.715980640854473
"GO_PURINE_NTP_DEPENDENT_HELICASE_ACTIVITY",94,0.223404255319149,0.223404255319149,"Up",0.581,0.717498
"GO_OXYGEN_BINDING",34,0.117647058823529,0.0882352941176471,"Down",0.582,0.717776964047936
"GO_INOSITOL_TRISPHOSPHATE_PHOSPHATASE_ACTIVITY",11,0.272727272727273,0.272727272727273,"Up",0.584,0.71928789893617
"GO_SODIUM_INDEPENDENT_ORGANIC_ANION_TRANSMEMBRANE_TRANSPORTER_ACTIVITY",15,0.266666666666667,0.133333333333333,"Down",0.587,0.722025896414343
"GO_OXIDOREDUCTASE_ACTIVITY_ACTING_ON_PAIRED_DONORS_WITH_INCORPORATION_OR_REDUCTION_OF_MOLECULAR_OXYGEN_2_OXOGLUTARATE_AS_ONE_DONOR_AND_INCORPORATION_OF_ONE_ATOM_EACH_OF_OXYGEN_INTO_BOTH_DONORS",38,0.263157894736842,0.289473684210526,"Up",0.59,0.724756631299735
"GO_PHOSPHATIDYLINOSITOL_PHOSPHATE_BINDING",111,0.324324324324324,0.225225225225225,"Up",0.591,0.725024503311258
"GO_SERINE_TYPE_ENDOPEPTIDASE_INHIBITOR_ACTIVITY",83,0.156626506024096,0.0963855421686747,"Down",0.592,0.725291666666667
"GO_STEROID_HORMONE_RECEPTOR_BINDING",79,0.240506329113924,0.240506329113924,"Up",0.596,0.729231836195509
"GO_OXIDOREDUCTASE_ACTIVITY_OXIDIZING_METAL_IONS",17,0.176470588235294,0.176470588235294,"Down",0.598,0.730715699208443
"GO_RNA_CAP_BINDING",10,0.2,0.2,"Up",0.6,0.732195652173913
"GO_RIBONUCLEASE_P_ACTIVITY",11,0.181818181818182,0.0909090909090909,"Down",0.602,0.733671710526316
"GO_LOW_DENSITY_LIPOPROTEIN_PARTICLE_RECEPTOR_BINDING",17,0.176470588235294,0.294117647058824,"Up",0.603,0.733925755584757
"GO_TRANSFERASE_ACTIVITY_TRANSFERRING_ACYL_GROUPS",221,0.253393665158371,0.194570135746606,"Up",0.605,0.734431847968545
"GO_ATPASE_ACTIVITY_COUPLED",301,0.242524916943522,0.219269102990033,"Up",0.605,0.734431847968545
"GO_E_BOX_BINDING",32,0.25,0.1875,"Down",0.607,0.7358972513089
"GO_ALCOHOL_BINDING",97,0.206185567010309,0.216494845360825,"Up",0.612,0.740994117647059
"GO_EXTRACELLULAR_MATRIX_BINDING",48,0.375,0.1875,"Down",0.617,0.746077676240209
"GO_ADENYLYLTRANSFERASE_ACTIVITY",23,0.260869565217391,0.217391304347826,"Up",0.619,0.747522164276402
"GO_METAL_CLUSTER_BINDING",59,0.220338983050847,0.152542372881356,"Down",0.625,0.753791015625
"GO_RAS_GUANYL_NUCLEOTIDE_EXCHANGE_FACTOR_ACTIVITY",215,0.269767441860465,0.251162790697674,"Up",0.626,0.754016254876463
"GO_PHOSPHOTRANSFERASE_ACTIVITY_FOR_OTHER_SUBSTITUTED_PHOSPHATE_GROUPS",18,0.333333333333333,0.166666666666667,"Down",0.628,0.754464980544747
"GO_AMINO_ACID_TRANSMEMBRANE_TRANSPORTER_ACTIVITY",76,0.276315789473684,0.223684210526316,"Up",0.628,0.754464980544747
"GO_RECEPTOR_REGULATOR_ACTIVITY",45,0.244444444444444,0.155555555555556,"Down",0.632,0.758290803108808
"GO_SULFOTRANSFERASE_ACTIVITY",46,0.326086956521739,0.195652173913043,"Up",0.633,0.758509055627426
"GO_TRNA_BINDING",41,0.195121951219512,0.292682926829268,"Up",0.64,0.765912790697674
"GO_GROWTH_FACTOR_BINDING",120,0.316666666666667,0.216666666666667,"Down",0.652,0.779278064516129
"GO_ATPASE_ACTIVITY_COUPLED_TO_TRANSMEMBRANE_MOVEMENT_OF_IONS_PHOSPHORYLATIVE_MECHANISM",33,0.242424242424242,0.212121212121212,"Down",0.657,0.784246778350516
"GO_ADRENERGIC_RECEPTOR_BINDING",18,0.388888888888889,0.277777777777778,"Down",0.66,0.785805269922879
"GO_PROTEIN_KINASE_ACTIVITY",604,0.289735099337748,0.22682119205298,"Up",0.66,0.785805269922879
"GO_ACTIVE_ION_TRANSMEMBRANE_TRANSPORTER_ACTIVITY",167,0.203592814371257,0.221556886227545,"Up",0.661,0.785986521181001
"GO_UBIQUITIN_LIKE_PROTEIN_LIGASE_ACTIVITY",188,0.25,0.223404255319149,"Up",0.662,0.786167307692308
"GO_TRANSITION_METAL_ION_BINDING",1236,0.258090614886731,0.199029126213592,"Down",0.666,0.788245222929936
"GO_MIRNA_BINDING",12,0.25,0.166666666666667,"Down",0.667,0.788245222929936
"GO_3_5_EXONUCLEASE_ACTIVITY",44,0.25,0.159090909090909,"Down",0.668,0.788245222929936
"GO_OXIDOREDUCTASE_ACTIVITY_ACTING_ON_A_SULFUR_GROUP_OF_DONORS_DISULFIDE_AS_ACCEPTOR",10,0.1,0.2,"Up",0.668,0.788245222929936
"GO_RRNA_METHYLTRANSFERASE_ACTIVITY",12,0.166666666666667,0.166666666666667,"Down",0.668,0.788245222929936
"GO_OXIDOREDUCTASE_ACTIVITY_ACTING_ON_THE_CH_NH2_GROUP_OF_DONORS_OXYGEN_AS_ACCEPTOR",14,0.5,0.214285714285714,"Down",0.679,0.799198856416773
"GO_PEPTIDE_N_ACETYLTRANSFERASE_ACTIVITY",57,0.280701754385965,0.210526315789474,"Down",0.679,0.799198856416773
"GO_RNA_POLYMERASE_II_TRANSCRIPTION_FACTOR_BINDING",104,0.230769230769231,0.230769230769231,"Up",0.68,0.799361040609137
"GO_RHO_GUANYL_NUCLEOTIDE_EXCHANGE_FACTOR_ACTIVITY",72,0.319444444444444,0.222222222222222,"Down",0.684,0.80304752851711
"GO_QUATERNARY_AMMONIUM_GROUP_BINDING",45,0.311111111111111,0.155555555555556,"Down",0.688,0.806724683544304
"GO_FILAMIN_BINDING",10,0.5,0.3,"Down",0.69,0.807028409090909
"GO_DNA_POLYMERASE_ACTIVITY",33,0.212121212121212,0.181818181818182,"Up",0.69,0.807028409090909
"GO_TOXIC_SUBSTANCE_BINDING",11,0.272727272727273,0.181818181818182,"Up",0.698,0.815362547288777
"GO_TRANSCRIPTION_COACTIVATOR_BINDING",10,0.4,0.2,"Down",0.702,0.819005667506297
"GO_OLIGOPEPTIDE_BINDING",11,0.272727272727273,0.0909090909090909,"Down",0.703,0.819141509433962
"GO_STRUCTURAL_CONSTITUENT_OF_EYE_LENS",20,0.15,0.1,"Up",0.709,0.825099874371859
"GO_FLAVIN_ADENINE_DINUCLEOTIDE_BINDING",72,0.263888888888889,0.25,"Up",0.711,0.826390840652447
"GO_SYNTAXIN_1_BINDING",18,0.111111111111111,0.0555555555555556,"Down",0.712,0.826516917293233
"GO_PROTEOGLYCAN_BINDING",27,0.518518518518518,0.259259259259259,"Down",0.714,0.826768125
"GO_C_ACYLTRANSFERASE_ACTIVITY",13,0.0769230769230769,0,"Down",0.714,0.826768125
"GO_GLUCURONOSYLTRANSFERASE_ACTIVITY",19,0.263157894736842,0.210526315789474,"Up",0.716,0.828050561797753
"GO_MRNA_3_UTR_BINDING",47,0.276595744680851,0.191489361702128,"Up",0.719,0.82878624535316
"GO_PEROXISOME_PROLIFERATOR_ACTIVATED_RECEPTOR_BINDING",15,0.4,0.2,"Down",0.72,0.82878624535316
"GO_MONOCARBOXYLIC_ACID_TRANSMEMBRANE_TRANSPORTER_ACTIVITY",42,0.214285714285714,0.166666666666667,"Up",0.72,0.82878624535316
"GO_DIACYLGLYCEROL_BINDING",11,0.363636363636364,0.272727272727273,"Up",0.721,0.82878624535316
"GO_SEMAPHORIN_RECEPTOR_ACTIVITY",11,0.272727272727273,0.272727272727273,"Up",0.722,0.82878624535316
"GO_CHROMATIN_BINDING",411,0.265206812652068,0.206812652068127,"Down",0.722,0.82878624535316
"GO_SODIUM_ION_BINDING",14,0.285714285714286,0.214285714285714,"Down",0.723,0.828907797029703
"GO_CATION_TRANSMEMBRANE_TRANSPORTER_ACTIVITY",584,0.248287671232877,0.174657534246575,"Down",0.732,0.838195920889988
"GO_ORGANIC_HYDROXY_COMPOUND_TRANSMEMBRANE_TRANSPORTER_ACTIVITY",57,0.228070175438596,0.157894736842105,"Down",0.734,0.83945
"GO_PRE_MRNA_BINDING",24,0.25,0.125,"Down",0.737,0.840807266009852
"GO_ADRENERGIC_RECEPTOR_ACTIVITY",14,0.214285714285714,0.214285714285714,"Up",0.737,0.840807266009852
"GO_COMPLEMENT_BINDING",18,0.333333333333333,0.222222222222222,"Up",0.738,0.840913284132841
"GO_NUCLEOCYTOPLASMIC_TRANSPORTER_ACTIVITY",23,0.173913043478261,0.130434782608696,"Down",0.74,0.842157862407862
"GO_RNA_POLYMERASE_ACTIVITY",40,0.2,0.125,"Down",0.746,0.847949079754601
"GO_SECONDARY_ACTIVE_TRANSMEMBRANE_TRANSPORTER_ACTIVITY",219,0.246575342465753,0.17351598173516,"Down",0.75,0.851454044117647
"GO_STEROID_HYDROXYLASE_ACTIVITY",25,0.16,0.16,"Down",0.752,0.852681150550796
"GO_ALPHA_TUBULIN_BINDING",23,0.304347826086957,0.217391304347826,"Up",0.753,0.852772004889976
"GO_TRANSLATION_INITIATION_FACTOR_ACTIVITY",47,0.170212765957447,0.191489361702128,"Up",0.754,0.852862637362637
"GO_N_ACYLTRANSFERASE_ACTIVITY",90,0.266666666666667,0.2,"Down",0.755,0.852953048780488
"GO_ODORANT_BINDING",68,0,0.0294117647058824,"Up",0.759,0.856430572472595
"GO_RNA_POLYMERASE_II_CARBOXY_TERMINAL_DOMAIN_KINASE_ACTIVITY",16,0.125,0.25,"Up",0.761,0.857644160583942
"GO_MITOGEN_ACTIVATED_PROTEIN_KINASE_KINASE_BINDING",16,0.3125,0.1875,"Down",0.763,0.858854799513973
"GO_SOLUTE_CATION_ANTIPORTER_ACTIVITY",27,0.259259259259259,0.222222222222222,"Down",0.766,0.8611875
"GO_TRANSPORTER_ACTIVITY",1170,0.227350427350427,0.176068376068376,"Down",0.768,0.862390909090909
"GO_CALCIUM_ION_TRANSMEMBRANE_TRANSPORTER_ACTIVITY",122,0.262295081967213,0.180327868852459,"Down",0.773,0.866958232445521
"GO_PROTEIN_DEACETYLASE_ACTIVITY",41,0.170731707317073,0.219512195121951,"Down",0.774,0.867030834340992
"GO_POLY_A_SPECIFIC_RIBONUCLEASE_ACTIVITY",11,0.363636363636364,0.181818181818182,"Down",0.777,0.869342391304348
"GO_LIGAND_DEPENDENT_NUCLEAR_RECEPTOR_TRANSCRIPTION_COACTIVATOR_ACTIVITY",48,0.291666666666667,0.145833333333333,"Up",0.778,0.869411942098914
"GO_5_3_EXONUCLEASE_ACTIVITY",10,0.1,0.3,"Up",0.782,0.870733774038462
"GO_HIGH_VOLTAGE_GATED_CALCIUM_CHANNEL_ACTIVITY",11,0.181818181818182,0.0909090909090909,"Down",0.782,0.870733774038462
"GO_OLFACTORY_RECEPTOR_ACTIVITY",262,0,0.0152671755725191,"Down",0.782,0.870733774038462
"GO_ANTIPORTER_ACTIVITY",68,0.235294117647059,0.205882352941176,"Down",0.784,0.871914165666267
"GO_NUCLEOSIDE_DIPHOSPHATASE_ACTIVITY",13,0.0769230769230769,0.153846153846154,"Down",0.785,0.871980215827338
"GO_DEACETYLASE_ACTIVITY",52,0.173076923076923,0.211538461538462,"Down",0.787,0.87315628742515
"GO_MRNA_BINDING",142,0.23943661971831,0.211267605633803,"Down",0.788,0.873220693779904
"GO_DIVALENT_INORGANIC_CATION_TRANSMEMBRANE_TRANSPORTER_ACTIVITY",161,0.254658385093168,0.198757763975155,"Down",0.789,0.873284946236559
"GO_COENZYME_BINDING",170,0.235294117647059,0.211764705882353,"Up",0.79,0.873349045346062
"GO_RIBONUCLEOTIDE_BINDING",1717,0.276645311589983,0.218404193360513,"Up",0.791,0.873412991656734
"GO_HYDRO_LYASE_ACTIVITY",42,0.142857142857143,0.166666666666667,"Down",0.795,0.8767875
"GO_PHOSPHATIDYLINOSITOL_PHOSPHATE_5_PHOSPHATASE_ACTIVITY",12,0.333333333333333,0.166666666666667,"Down",0.797,0.876966192170819
"GO_ARYLSULFATASE_ACTIVITY",8,0.375,0.25,"Down",0.798,0.876966192170819
"GO_ION_ANTIPORTER_ACTIVITY",46,0.217391304347826,0.195652173913043,"Down",0.798,0.876966192170819
"GO_CATION_CATION_ANTIPORTER_ACTIVITY",24,0.291666666666667,0.25,"Down",0.801,0.879222156398104
"GO_HELICASE_ACTIVITY",146,0.253424657534247,0.171232876712329,"Down",0.803,0.880375739644971
"GO_SNARE_BINDING",121,0.223140495867769,0.173553719008264,"Down",0.804,0.88043085106383
"GO_DNA_DIRECTED_DNA_POLYMERASE_ACTIVITY",26,0.115384615384615,0.192307692307692,"Up",0.807,0.882674734356553
"GO_ATPASE_ACTIVATOR_ACTIVITY",17,0.294117647058824,0.235294117647059,"Up",0.809,0.88382016509434
"GO_ENDODEOXYRIBONUCLEASE_ACTIVITY_PRODUCING_5_PHOSPHOMONOESTERS",10,0.2,0.1,"Up",0.81,0.883871024734982
"GO_VITAMIN_BINDING",72,0.222222222222222,0.222222222222222,"Down",0.813,0.886102941176471
"GO_STRUCTURAL_MOLECULE_ACTIVITY",629,0.217806041335453,0.227344992050874,"Up",0.814,0.886150998824912
"GO_TRANSMEMBRANE_TRANSPORTER_ACTIVITY",925,0.24,0.180540540540541,"Down",0.817,0.888375
"GO_IONOTROPIC_GLUTAMATE_RECEPTOR_BINDING",23,0.217391304347826,0.173913043478261,"Up",0.819,0.889507033997655
"GO_NADH_DEHYDROGENASE_ACTIVITY",36,0.138888888888889,0.0277777777777778,"Down",0.82,0.88955093676815
"GO_PROTEIN_SERINE_THREONINE_KINASE_INHIBITOR_ACTIVITY",29,0.241379310344828,0.241379310344828,"Up",0.821,0.889594736842105
"GO_VITAMIN_TRANSPORTER_ACTIVITY",20,0.15,0.25,"Up",0.825,0.89288726635514
"GO_ADENYL_NUCLEOTIDE_BINDING",1405,0.276156583629893,0.213523131672598,"Up",0.828,0.895090431738623
"GO_GLYCOSAMINOGLYCAN_BINDING",189,0.322751322751323,0.232804232804233,"Down",0.837,0.901669186046512
"GO_2_IRON_2_SULFUR_CLUSTER_BINDING",20,0.3,0.1,"Down",0.837,0.901669186046512
"GO_GLUTAMATE_RECEPTOR_BINDING",35,0.2,0.142857142857143,"Down",0.837,0.901669186046512
"GO_ORGANIC_CATION_TRANSMEMBRANE_TRANSPORTER_ACTIVITY",14,0.214285714285714,0.0714285714285714,"Down",0.84,0.903851916376307
"GO_PROTEIN_TYROSINE_KINASE_ACTIVATOR_ACTIVITY",15,0.333333333333333,0.133333333333333,"Down",0.842,0.904954176334107
"GO_ANION_ANION_ANTIPORTER_ACTIVITY",22,0.136363636363636,0.136363636363636,"Down",0.85,0.912498841251448
"GO_SUMO_TRANSFERASE_ACTIVITY",13,0.307692307692308,0.307692307692308,"Down",0.853,0.914661458333333
"GO_INTRAMOLECULAR_OXIDOREDUCTASE_ACTIVITY_TRANSPOSING_C_C_BONDS",12,0.0833333333333333,0,"Down",0.856,0.916819075144509
"GO_PHOSPHATE_TRANSMEMBRANE_TRANSPORTER_ACTIVITY",28,0.214285714285714,0.178571428571429,"Up",0.859,0.918971709006928
"GO_HYDROLASE_ACTIVITY_ACTING_ON_CARBON_NITROGEN_BUT_NOT_PEPTIDE_BONDS_IN_LINEAR_AMIDES",80,0.175,0.2125,"Down",0.864,0.923257785467128
"GO_HEPARAN_SULFATE_PROTEOGLYCAN_BINDING",17,0.470588235294118,0.235294117647059,"Down",0.865,0.923262096774194
"GO_OXIDOREDUCTASE_ACTIVITY_ACTING_ON_A_HEME_GROUP_OF_DONORS",23,0.0434782608695652,0.130434782608696,"Up",0.871,0.928600115074799
"GO_STEROID_HORMONE_RECEPTOR_ACTIVITY",58,0.275862068965517,0.241379310344828,"Up",0.875,0.931789322617681
"GO_S_ADENOSYLMETHIONINE_DEPENDENT_METHYLTRANSFERASE_ACTIVITY",108,0.203703703703704,0.203703703703704,"Down",0.876,0.931789322617681
"GO_PROTEIN_PHOSPHATASE_1_BINDING",16,0.1875,0.25,"Up",0.879,0.933894164759726
"GO_PROTEIN_SERINE_THREONINE_PHOSPHATASE_ACTIVITY",61,0.180327868852459,0.245901639344262,"Up",0.881,0.933894164759726
"GO_REPRESSING_TRANSCRIPTION_FACTOR_BINDING",55,0.236363636363636,0.218181818181818,"Down",0.881,0.933894164759726
"GO_EXORIBONUCLEASE_ACTIVITY",31,0.225806451612903,0.193548387096774,"Up",0.883,0.934945714285714
"GO_METHYL_CPG_BINDING",17,0.176470588235294,0.235294117647059,"Up",0.885,0.935994863013699
"GO_DRUG_BINDING",103,0.300970873786408,0.194174757281553,"Down",0.888,0.938098631698974
"GO_4_IRON_4_SULFUR_CLUSTER_BINDING",39,0.179487179487179,0.179487179487179,"Down",0.892,0.941253416856492
"GO_OXIDOREDUCTASE_ACTIVITY_ACTING_ON_NAD_P_H_QUINONE_OR_SIMILAR_COMPOUND_AS_ACCEPTOR",46,0.152173913043478,0.0652173913043478,"Down",0.9,0.948619453924915
"GO_LIGAND_GATED_CALCIUM_CHANNEL_ACTIVITY",16,0.1875,0.1875,"Down",0.905,0.952808522727273
"GO_FUCOSYLTRANSFERASE_ACTIVITY",10,0.3,0.5,"Up",0.908,0.953770668176671
"GO_PHOSPHOLIPASE_BINDING",15,0.266666666666667,0.0666666666666667,"Down",0.909,0.953770668176671
"GO_RNA_POLYMERASE_III_ACTIVITY",18,0.222222222222222,0.111111111111111,"Down",0.909,0.953770668176671
"GO_GUANYL_NUCLEOTIDE_BINDING",353,0.291784702549575,0.232294617563739,"Up",0.916,0.960032239819005
"GO_NUCLEOTIDE_TRANSMEMBRANE_TRANSPORTER_ACTIVITY",17,0.176470588235294,0.235294117647059,"Up",0.918,0.960927364864865
"GO_DYNEIN_BINDING",25,0.32,0.2,"Up",0.919,0.960927364864865
"GO_OMEGA_PEPTIDASE_ACTIVITY",15,0.333333333333333,0.266666666666667,"Down",0.92,0.960927364864865
"GO_SUMO_BINDING",13,0.153846153846154,0.307692307692308,"Down",0.921,0.960927364864865
"GO_ORGANIC_ANION_TRANSMEMBRANE_TRANSPORTER_ACTIVITY",164,0.25,0.201219512195122,"Up",0.927,0.966058988764045
"GO_GROWTH_FACTOR_ACTIVITY",152,0.25,0.217105263157895,"Up",0.928,0.966058988764045
"GO_FATTY_ACID_TRANSPORTER_ACTIVITY",12,0.25,0.0833333333333333,"Up",0.93,0.967055555555556
"GO_PHOSPHOPROTEIN_BINDING",59,0.203389830508475,0.254237288135593,"Down",0.932,0.968049887892377
"GO_G_PROTEIN_COUPLED_RECEPTOR_ACTIVITY",631,0.136291600633914,0.112519809825674,"Up",0.935,0.969983798882682
"GO_EXONUCLEASE_ACTIVITY",69,0.231884057971014,0.217391304347826,"Up",0.936,0.969983798882682
"GO_HMG_BOX_DOMAIN_BINDING",18,0.222222222222222,0.222222222222222,"Down",0.937,0.969983798882682
"GO_CATECHOLAMINE_BINDING",15,0.266666666666667,0.2,"Down",0.941,0.971854838709677
"GO_ENDONUCLEASE_ACTIVITY_ACTIVE_WITH_EITHER_RIBO_OR_DEOXYRIBONUCLEIC_ACIDS_AND_PRODUCING_5_PHOSPHOMONOESTERS",33,0.181818181818182,0.121212121212121,"Up",0.942,0.971854838709677
"GO_NAD_ADP_RIBOSYLTRANSFERASE_ACTIVITY",25,0.16,0.24,"Up",0.943,0.971854838709677
"GO_ENDORIBONUCLEASE_ACTIVITY_PRODUCING_5_PHOSPHOMONOESTERS",26,0.192307692307692,0.115384615384615,"Up",0.943,0.971854838709677
"GO_DICARBOXYLIC_ACID_TRANSMEMBRANE_TRANSPORTER_ACTIVITY",33,0.212121212121212,0.212121212121212,"Down",0.946,0.973812985571587
"GO_RETINOIC_ACID_BINDING",16,0.25,0.125,"Down",0.947,0.973812985571587
"GO_RECEPTOR_SERINE_THREONINE_KINASE_BINDING",14,0.357142857142857,0.142857142857143,"Down",0.95,0.974735880398671
"GO_PHOSPHATIDYLINOSITOL_3_KINASE_ACTIVITY",70,0.328571428571429,0.228571428571429,"Down",0.95,0.974735880398671
"GO_N_ACETYLTRANSFERASE_ACTIVITY",75,0.253333333333333,0.213333333333333,"Down",0.952,0.975387362637363
"GO_CO_SMAD_BINDING",12,0.333333333333333,0.166666666666667,"Down",0.954,0.975387362637363
"GO_CELL_ADHESION_MOLECULE_BINDING",172,0.267441860465116,0.22093023255814,"Up",0.954,0.975387362637363
"GO_BETA_AMYLOID_BINDING",33,0.272727272727273,0.181818181818182,"Up",0.956,0.975387362637363
"GO_TRANSCRIPTION_COACTIVATOR_ACTIVITY",282,0.24468085106383,0.195035460992908,"Up",0.956,0.975387362637363
"GO_MAP_KINASE_ACTIVITY",14,0.357142857142857,0.285714285714286,"Up",0.958,0.975387362637363
"GO_SOLUTE_CATION_SYMPORTER_ACTIVITY",99,0.212121212121212,0.171717171717172,"Down",0.958,0.975387362637363
"GO_BHLH_TRANSCRIPTION_FACTOR_BINDING",27,0.259259259259259,0.185185185185185,"Down",0.962,0.978330592105263
"GO_TRNA_SPECIFIC_RIBONUCLEASE_ACTIVITY",16,0.1875,0.125,"Down",0.963,0.978330592105263
"GO_GLUCOSYLTRANSFERASE_ACTIVITY",14,0.285714285714286,0.214285714285714,"Down",0.968,0.982275164113786
"GO_KINASE_INHIBITOR_ACTIVITY",84,0.273809523809524,0.214285714285714,"Down",0.969,0.982275164113786
"GO_AMINOACYL_TRNA_EDITING_ACTIVITY",9,0.222222222222222,0.222222222222222,"Up",0.971,0.983227868852459
"GO_CALMODULIN_BINDING",173,0.289017341040462,0.202312138728324,"Up",0.981,0.988967934782609
"GO_HYDROLASE_ACTIVITY_ACTING_ON_CARBON_NITROGEN_BUT_NOT_PEPTIDE_BONDS",132,0.181818181818182,0.204545454545455,"Up",0.981,0.988967934782609
"GO_OXIDOREDUCTASE_ACTIVITY_OXIDIZING_METAL_IONS_NAD_OR_NADP_AS_ACCEPTOR",10,0.2,0.3,"Up",0.982,0.988967934782609
"GO_PHOSPHORIC_DIESTER_HYDROLASE_ACTIVITY",88,0.272727272727273,0.193181818181818,"Up",0.982,0.988967934782609
"GO_OXIDOREDUCTASE_ACTIVITY_ACTING_ON_THE_CH_NH_GROUP_OF_DONORS_NAD_OR_NADP_AS_ACCEPTOR",16,0.125,0.1875,"Up",0.982,0.988967934782609
"GO_TRANSFERASE_ACTIVITY_TRANSFERRING_ALKYL_OR_ARYL_OTHER_THAN_METHYL_GROUPS",51,0.215686274509804,0.156862745098039,"Down",0.986,0.991920195439739
"GO_MYOSIN_BINDING",57,0.263157894736842,0.210526315789474,"Down",0.988,0.992855206073753
"GO_STORE_OPERATED_CALCIUM_CHANNEL_ACTIVITY",11,0.272727272727273,0.272727272727273,"Down",0.993,0.996801191765981
"GO_NEUROTROPHIN_RECEPTOR_BINDING",13,0.384615384615385,0.307692307692308,"Up",0.996,0.997576133909287
"GO_LIGASE_ACTIVITY_FORMING_CARBON_OXYGEN_BONDS",44,0.181818181818182,0.181818181818182,"Down",0.996,0.997576133909287
"GO_HISTONE_DEMETHYLASE_ACTIVITY",23,0.304347826086957,0.260869565217391,"Down",0.997,0.997576133909287
"GO_NUCLEIC_ACID_BINDING_TRANSCRIPTION_FACTOR_ACTIVITY",991,0.272452068617558,0.221997981836529,"Down",1,1
