"","NGenes","PropDown","PropUp","Direction","PValue","FDR","differential_genes_gene_id","differential_genes_gene_name"
"GO_BANDED_COLLAGEN_FIBRIL",12,0,0.583333333333333,"Up",0.001,0.2905,"ENSMUSG00000001506, ENSMUSG00000036446, ENSMUSG00000026043, ENSMUSG00000029661","Col1a1, Lum, Col3a1, Col1a2"
"GO_MCM_COMPLEX",11,0,0.545454545454545,"Up",0.004,0.997278079710145,"ENSMUSG00000022673, ENSMUSG00000026355, ENSMUSG00000029730, ENSMUSG00000002870, ENSMUSG00000005410","Mcm4, Mcm6, Mcm7, Mcm2, Mcm5"
"GO_PSEUDOPODIUM",16,0.125,0,"Down",0.011,0.997278079710145,"ENSMUSG00000063065","Mapk3"
"GO_SMOOTH_ENDOPLASMIC_RETICULUM",32,0.0625,0,"Down",0.013,0.997278079710145,"ENSMUSG00000007122, ENSMUSG00000000214","Casq1, Th"
"GO_COMPLEX_OF_COLLAGEN_TRIMERS",23,0,0.478260869565217,"Up",0.017,0.997278079710145,"ENSMUSG00000026043, ENSMUSG00000036446, ENSMUSG00000029661, ENSMUSG00000001506, ENSMUSG00000019929","Col3a1, Lum, Col1a2, Col1a1, Dcn"
"GO_ENDOPLASMIC_RETICULUM_SUBCOMPARTMENT",15,0.0666666666666667,0,"Down",0.017,0.997278079710145,"ENSMUSG00000007122","Casq1"
"GO_LAMELLIPODIUM_MEMBRANE",18,0,0.277777777777778,"Up",0.025,0.997278079710145,"ENSMUSG00000027087, ENSMUSG00000032911","Itgav, Cspg4"
"GO_GOLGI_STACK",116,0.0172413793103448,0.0689655172413793,"Up",0.025,0.997278079710145,"ENSMUSG00000026994, ENSMUSG00000041372, ENSMUSG00000016918","Galnt3, B4galnt3, Sulf1"
"GO_COLLAGEN_TRIMER",81,0.037037037037037,0.259259259259259,"Up",0.031,0.997278079710145,"ENSMUSG00000058806, ENSMUSG00000026043, ENSMUSG00000019929, ENSMUSG00000001506, ENSMUSG00000024529, ENSMUSG00000029661, ENSMUSG00000045532, ENSMUSG00000036907, ENSMUSG00000036446, ENSMUSG00000034164, ENSMUSG00000049630","Col13a1, Col3a1, Dcn, Col1a1, Lox, Col1a2, C1ql1, C1ql2, Lum, Emid1, C1ql3"
"GO_BRUSH_BORDER",102,0.0490196078431373,0.0686274509803922,"Down",0.035,0.997278079710145,"ENSMUSG00000032220, ENSMUSG00000022565, ENSMUSG00000034918, ENSMUSG00000001827","Myo1e, Plec, Cdhr2, Folr1"
"GO_CLATHRIN_COATED_ENDOCYTIC_VESICLE",54,0.0740740740740741,0.0185185185185185,"Down",0.037,0.997278079710145,"ENSMUSG00000032220, ENSMUSG00000045005, ENSMUSG00000028552, ENSMUSG00000037295","Myo1e, Fzd5, Eps15, Ldlrap1"
"GO_PRE_AUTOPHAGOSOMAL_STRUCTURE_MEMBRANE",15,0.0666666666666667,0,"Down",0.037,0.997278079710145,"",""
"GO_COATED_PIT",64,0.0625,0.03125,"Down",0.037,0.997278079710145,"ENSMUSG00000068747, ENSMUSG00000028552, ENSMUSG00000037295","Sort1, Eps15, Ldlrap1"
"GO_SPINDLE_MIDZONE",26,0.0384615384615385,0.230769230769231,"Up",0.04,0.997278079710145,"ENSMUSG00000028873, ENSMUSG00000018509, ENSMUSG00000023015","Cdca8, Cenpv, Racgap1"
"GO_ZYMOGEN_GRANULE",14,0.0714285714285714,0.0714285714285714,"Down",0.045,0.997278079710145,"ENSMUSG00000040205","Cuzd1"
"GO_GOLGI_CISTERNA_MEMBRANE",67,0.0149253731343284,0.0597014925373134,"Up",0.046,0.997278079710145,"ENSMUSG00000026994, ENSMUSG00000041372","Galnt3, B4galnt3"
"GO_POLYSOME",35,0,0,"Down",0.048,0.997278079710145,"",""
"GO_REPLICATION_FORK",60,0.0166666666666667,0.216666666666667,"Up",0.056,0.997278079710145,"ENSMUSG00000026134, ENSMUSG00000025395","Prim2, Prim1"
"GO_ANCHORED_COMPONENT_OF_EXTERNAL_SIDE_OF_PLASMA_MEMBRANE",16,0.125,0,"Down",0.056,0.997278079710145,"ENSMUSG00000040471, ENSMUSG00000001827","Ggt6, Folr1"
"GO_DNA_POLYMERASE_COMPLEX",13,0,0.230769230769231,"Up",0.067,0.997278079710145,"",""
"GO_REPLISOME",27,0,0.148148148148148,"Up",0.068,0.997278079710145,"ENSMUSG00000026134, ENSMUSG00000025395","Prim2, Prim1"
"GO_MYOFILAMENT",24,0.0833333333333333,0.0416666666666667,"Down",0.068,0.997278079710145,"ENSMUSG00000064179","Tnnt1"
"GO_PERINUCLEAR_ENDOPLASMIC_RETICULUM",13,0.0769230769230769,0.153846153846154,"Up",0.069,0.997278079710145,"",""
"GO_MRNA_CLEAVAGE_AND_POLYADENYLATION_SPECIFICITY_FACTOR_COMPLEX",12,0,0.0833333333333333,"Up",0.07,0.997278079710145,"ENSMUSG00000029227","Fip1l1"
"GO_CLATHRIN_COAT_OF_COATED_PIT",16,0.125,0,"Down",0.072,0.997278079710145,"ENSMUSG00000037295, ENSMUSG00000028552","Ldlrap1, Eps15"
"GO_TCTN_B9D_COMPLEX",11,0,0.272727272727273,"Up",0.074,0.997278079710145,"ENSMUSG00000001039","B9d1"
"GO_FANCONI_ANAEMIA_NUCLEAR_COMPLEX",8,0,0.25,"Up",0.076,0.997278079710145,"",""
"GO_ENDOPLASMIC_RETICULUM_TUBULAR_NETWORK",11,0,0,"Down",0.081,0.997278079710145,"",""
"GO_FIBRIL",14,0,0.214285714285714,"Up",0.084,0.997278079710145,"ENSMUSG00000042436","Mfap4"
"GO_PORE_COMPLEX",17,0.0588235294117647,0.0588235294117647,"Down",0.09,0.997278079710145,"",""
"GO_CONDENSED_CHROMOSOME_CENTROMERIC_REGION",87,0.0114942528735632,0.241379310344828,"Up",0.096,0.997278079710145,"ENSMUSG00000018509, ENSMUSG00000068101, ENSMUSG00000025626","Cenpv, Cenpm, Phf6"
"GO_CLATHRIN_ADAPTOR_COMPLEX",27,0.111111111111111,0,"Down",0.102,0.997278079710145,"ENSMUSG00000028552, ENSMUSG00000037295","Eps15, Ldlrap1"
"GO_MITOTIC_SPINDLE",51,0.0196078431372549,0.0980392156862745,"Up",0.102,0.997278079710145,"ENSMUSG00000023015","Racgap1"
"GO_CONDENSED_CHROMOSOME_OUTER_KINETOCHORE",11,0,0.363636363636364,"Up",0.118,0.997278079710145,"",""
"GO_CYTOPLASMIC_MICROTUBULE",50,0,0.14,"Up",0.119,0.997278079710145,"ENSMUSG00000035963","Odf3l2"
"GO_CLUSTER_OF_ACTIN_BASED_CELL_PROJECTIONS",135,0.037037037037037,0.0666666666666667,"Down",0.119,0.997278079710145,"ENSMUSG00000032220, ENSMUSG00000022565, ENSMUSG00000001827, ENSMUSG00000034918","Myo1e, Plec, Folr1, Cdhr2"
"GO_PRE_AUTOPHAGOSOMAL_STRUCTURE",28,0.0357142857142857,0,"Down",0.119,0.997278079710145,"",""
"GO_CYTOPLASMIC_DYNEIN_COMPLEX",15,0,0,"Down",0.138,0.997278079710145,"",""
"GO_MRNA_CLEAVAGE_FACTOR_COMPLEX",17,0,0.0588235294117647,"Up",0.139,0.997278079710145,"ENSMUSG00000029227","Fip1l1"
"GO_PRESPLICEOSOME",21,0,0,"Down",0.141,0.997278079710145,"",""
"GO_U2_TYPE_PRESPLICEOSOME",16,0,0,"Down",0.141,0.997278079710145,"",""
"GO_COP9_SIGNALOSOME",30,0.0333333333333333,0,"Down",0.143,0.997278079710145,"",""
"GO_IONOTROPIC_GLUTAMATE_RECEPTOR_COMPLEX",47,0,0.340425531914894,"Up",0.145,0.997278079710145,"ENSMUSG00000032017, ENSMUSG00000001986, ENSMUSG00000020723, ENSMUSG00000032172","Grik4, Gria3, Cacng4, Olfm2"
"GO_GOLGI_LUMEN",80,0.0375,0.2125,"Up",0.146,0.997278079710145,"ENSMUSG00000030607, ENSMUSG00000036446, ENSMUSG00000041577, ENSMUSG00000032911, ENSMUSG00000032482, ENSMUSG00000019929, ENSMUSG00000028226, ENSMUSG00000025743, ENSMUSG00000036856","Acan, Lum, Prelp, Cspg4, Cspg5, Dcn, Mmp16, Sdc3, Wnt4"
"GO_MICROVILLUS",73,0.0273972602739726,0.0821917808219178,"Down",0.146,0.997278079710145,"ENSMUSG00000037242, ENSMUSG00000034918","Clic4, Cdhr2"
"GO_ACTIN_CYTOSKELETON",417,0.0407673860911271,0.0479616306954436,"Down",0.148,0.997278079710145,"ENSMUSG00000059741, ENSMUSG00000032489, ENSMUSG00000041729, ENSMUSG00000037242, ENSMUSG00000033088, ENSMUSG00000026796, ENSMUSG00000059248, ENSMUSG00000064179, ENSMUSG00000032220","Myl3, Kif9, Coro2b, Clic4, Triobp, Fam129b, Sept9, Tnnt1, Myo1e"
"GO_AP_TYPE_MEMBRANE_COAT_ADAPTOR_COMPLEX",36,0.0833333333333333,0,"Down",0.149,0.997278079710145,"ENSMUSG00000037295, ENSMUSG00000028552","Ldlrap1, Eps15"
"GO_AMPA_GLUTAMATE_RECEPTOR_COMPLEX",27,0,0.333333333333333,"Up",0.152,0.997278079710145,"ENSMUSG00000001986, ENSMUSG00000032172, ENSMUSG00000020723","Gria3, Olfm2, Cacng4"
"GO_ACTOMYOSIN",60,0.0333333333333333,0.05,"Down",0.156,0.997278079710145,"ENSMUSG00000059248","Sept9"
"GO_NUCLEAR_NUCLEOSOME",14,0,0,"Down",0.157,0.997278079710145,"",""
"GO_OUTER_MEMBRANE",172,0.0232558139534884,0.0290697674418605,"Down",0.158,0.997278079710145,"ENSMUSG00000076441","Ass1"
"GO_SNARE_COMPLEX",50,0.04,0.02,"Down",0.162,0.997278079710145,"ENSMUSG00000004626","Stxbp2"
"GO_DNA_REPLICATION_FACTOR_A_COMPLEX",13,0,0,"Up",0.162,0.997278079710145,"",""
"GO_LYSOSOMAL_LUMEN",83,0.0120481927710843,0.180722891566265,"Up",0.166,0.997278079710145,"ENSMUSG00000032911, ENSMUSG00000032482, ENSMUSG00000026726, ENSMUSG00000019929, ENSMUSG00000000594, ENSMUSG00000025743, ENSMUSG00000030607, ENSMUSG00000036446, ENSMUSG00000041577","Cspg4, Cspg5, Cubn, Dcn, Gm2a, Sdc3, Acan, Lum, Prelp"
"GO_INTEGRATOR_COMPLEX",11,0,0,"Up",0.169,0.997278079710145,"",""
"GO_NUCLEAR_REPLICATION_FORK",37,0.027027027027027,0.135135135135135,"Up",0.172,0.997278079710145,"",""
"GO_GOLGI_CISTERNA",85,0.0117647058823529,0.0470588235294118,"Up",0.174,0.997278079710145,"ENSMUSG00000041372, ENSMUSG00000026994","B4galnt3, Galnt3"
"GO_KINETOCHORE",107,0.00934579439252336,0.196261682242991,"Up",0.177,0.997278079710145,"ENSMUSG00000068101, ENSMUSG00000025626, ENSMUSG00000018509","Cenpm, Phf6, Cenpv"
"GO_PRIMARY_LYSOSOME",13,0.0769230769230769,0,"Down",0.178,0.997278079710145,"ENSMUSG00000004626","Stxbp2"
"GO_POLE_PLASM",15,0.0666666666666667,0,"Down",0.18,0.997278079710145,"ENSMUSG00000054003","Tdrd9"
"GO_HISTONE_DEACETYLASE_COMPLEX",57,0.0175438596491228,0,"Down",0.181,0.997278079710145,"",""
"GO_CONDENSED_CHROMOSOME",173,0.0115606936416185,0.15606936416185,"Up",0.187,0.997278079710145,"ENSMUSG00000068101, ENSMUSG00000025626, ENSMUSG00000018509","Cenpm, Phf6, Cenpv"
"GO_CLATHRIN_COATED_ENDOCYTIC_VESICLE_MEMBRANE",39,0.0769230769230769,0.0256410256410256,"Down",0.19,0.997278079710145,"ENSMUSG00000028552, ENSMUSG00000045005, ENSMUSG00000037295","Eps15, Fzd5, Ldlrap1"
"GO_FILOPODIUM_MEMBRANE",18,0.0555555555555556,0.277777777777778,"Up",0.191,0.997278079710145,"ENSMUSG00000027087","Itgav"
"GO_SPECIFIC_GRANULE",14,0.0714285714285714,0,"Down",0.192,0.997278079710145,"ENSMUSG00000004626","Stxbp2"
"GO_ORGANELLE_MEMBRANE_CONTACT_SITE",11,0,0,"Down",0.192,0.997278079710145,"",""
"GO_CHROMOSOME_CENTROMERIC_REGION",158,0.0126582278481013,0.158227848101266,"Up",0.196,0.997278079710145,"ENSMUSG00000025626, ENSMUSG00000068101, ENSMUSG00000028873, ENSMUSG00000018509","Phf6, Cenpm, Cdca8, Cenpv"
"GO_NUCLEAR_CHROMOSOME_TELOMERIC_REGION",103,0.00970873786407767,0.116504854368932,"Up",0.196,0.997278079710145,"ENSMUSG00000026187, ENSMUSG00000002870, ENSMUSG00000026355, ENSMUSG00000005410, ENSMUSG00000022673, ENSMUSG00000029730","Xrcc5, Mcm2, Mcm6, Mcm5, Mcm4, Mcm7"
"GO_CHROMOSOMAL_REGION",283,0.0106007067137809,0.134275618374558,"Up",0.197,0.997278079710145,"ENSMUSG00000002870, ENSMUSG00000026187, ENSMUSG00000026355, ENSMUSG00000029730, ENSMUSG00000068101, ENSMUSG00000025626, ENSMUSG00000018509, ENSMUSG00000028873, ENSMUSG00000022673, ENSMUSG00000005410","Mcm2, Xrcc5, Mcm6, Mcm7, Cenpm, Phf6, Cenpv, Cdca8, Mcm4, Mcm5"
"GO_RNA_CAP_BINDING_COMPLEX",11,0.0909090909090909,0,"Down",0.202,0.997278079710145,"",""
"GO_TELOMERE_CAP_COMPLEX",11,0,0.0909090909090909,"Up",0.208,0.997278079710145,"ENSMUSG00000026187","Xrcc5"
"GO_PHOTORECEPTOR_OUTER_SEGMENT_MEMBRANE",14,0.0714285714285714,0.0714285714285714,"Down",0.209,0.997278079710145,"ENSMUSG00000067220","Cnga1"
"GO_ACTIN_FILAMENT_BUNDLE",53,0.0377358490566038,0.0566037735849057,"Down",0.21,0.997278079710145,"ENSMUSG00000059248","Sept9"
"GO_AUTOPHAGOSOME_MEMBRANE",25,0.04,0,"Down",0.212,0.997278079710145,"",""
"GO_NMDA_SELECTIVE_GLUTAMATE_RECEPTOR_COMPLEX",11,0,0.363636363636364,"Up",0.214,0.997278079710145,"",""
"GO_MYOSIN_COMPLEX",63,0.0317460317460317,0.0317460317460317,"Down",0.22,0.997278079710145,"ENSMUSG00000059741, ENSMUSG00000032220","Myl3, Myo1e"
"GO_ENDOPLASMIC_RETICULUM_LUMEN",185,0.027027027027027,0.135135135135135,"Up",0.223,0.997278079710145,"ENSMUSG00000036856, ENSMUSG00000029661, ENSMUSG00000026043, ENSMUSG00000005973, ENSMUSG00000038156, ENSMUSG00000001506, ENSMUSG00000058806","Wnt4, Col1a2, Col3a1, Rcn1, Spon1, Col1a1, Col13a1"
"GO_CILIARY_TRANSITION_ZONE",23,0,0.130434782608696,"Up",0.224,0.997278079710145,"ENSMUSG00000001039","B9d1"
"GO_DNA_REPAIR_COMPLEX",37,0,0.135135135135135,"Up",0.225,0.997278079710145,"ENSMUSG00000026187","Xrcc5"
"GO_DYNEIN_COMPLEX",38,0.0526315789473684,0.0789473684210526,"Down",0.225,0.997278079710145,"ENSMUSG00000052273","Dnah3"
"GO_COATED_VESICLE_MEMBRANE",120,0.0416666666666667,0.025,"Down",0.225,0.997278079710145,"ENSMUSG00000001827, ENSMUSG00000045005, ENSMUSG00000028552, ENSMUSG00000037295","Folr1, Fzd5, Eps15, Ldlrap1"
"GO_CHROMOSOME_TELOMERIC_REGION",131,0.00763358778625954,0.099236641221374,"Up",0.227,0.997278079710145,"ENSMUSG00000022673, ENSMUSG00000005410, ENSMUSG00000026355, ENSMUSG00000002870, ENSMUSG00000026187, ENSMUSG00000029730","Mcm4, Mcm5, Mcm6, Mcm2, Xrcc5, Mcm7"
"GO_CELL_DIVISION_SITE",51,0,0.0980392156862745,"Up",0.229,0.997278079710145,"ENSMUSG00000023015","Racgap1"
"GO_APICOLATERAL_PLASMA_MEMBRANE",15,0.133333333333333,0,"Down",0.23,0.997278079710145,"ENSMUSG00000070473","Cldn3"
"GO_DESMOSOME",26,0.115384615384615,0.0384615384615385,"Down",0.23,0.997278079710145,"ENSMUSG00000056632","Dsg3"
"GO_FILOPODIUM_TIP",11,0,0.0909090909090909,"Up",0.231,0.997278079710145,"",""
"GO_EXTRACELLULAR_MATRIX",402,0.0199004975124378,0.17910447761194,"Up",0.232,0.997278079710145,"ENSMUSG00000001506, ENSMUSG00000024529, ENSMUSG00000036446, ENSMUSG00000020019, ENSMUSG00000025784, ENSMUSG00000020902, ENSMUSG00000041577, ENSMUSG00000031790, ENSMUSG00000026167, ENSMUSG00000028226, ENSMUSG00000042436, ENSMUSG00000026249, ENSMUSG00000027386, ENSMUSG00000029661, ENSMUSG00000029436, ENSMUSG00000038156, ENSMUSG00000034164, ENSMUSG00000020473, ENSMUSG00000029718, ENSMUSG00000046834, ENSMUSG00000050700, ENSMUSG00000053863, ENSMUSG00000021136, ENSMUSG00000026574, ENSMUSG00000026043, ENSMUSG00000019929, ENSMUSG00000070469, ENSMUSG00000036856, ENSMUSG00000030607, ENSMUSG00000032343, ENSMUSG00000041782","Col1a1, Lox, Lum, Ntn4, Clec3b, Ntn1, Prelp, Mmp15, Wnt10a, Mmp16, Mfap4, Serpine2, Fbln7, Col1a2, Mmp17, Spon1, Emid1, Aebp1, Pcolce, Krt1, Emilin3, Mepe, Smoc1, Dpt, Col3a1, Dcn, Adamtsl3, Wnt4, Acan, Impg1, Lad1"
"GO_NUCLEAR_TRANSCRIPTIONAL_REPRESSOR_COMPLEX",21,0,0.0476190476190476,"Up",0.234,0.997278079710145,"",""
"GO_U2_TYPE_SPLICEOSOMAL_COMPLEX",28,0,0,"Down",0.234,0.997278079710145,"",""
"GO_ENDOSOME_LUMEN",22,0,0,"Down",0.236,0.997278079710145,"",""
"GO_BRUSH_BORDER_MEMBRANE",55,0.0545454545454545,0.0909090909090909,"Down",0.239,0.997278079710145,"ENSMUSG00000034918, ENSMUSG00000001827","Cdhr2, Folr1"
"GO_SET1C_COMPASS_COMPLEX",10,0,0,"Up",0.24,0.997278079710145,"",""
"GO_CONDENSED_NUCLEAR_CHROMOSOME_CENTROMERIC_REGION",13,0.0769230769230769,0.384615384615385,"Up",0.241,0.997278079710145,"",""
"GO_NUCLEOTIDE_EXCISION_REPAIR_COMPLEX",14,0,0.142857142857143,"Up",0.241,0.997278079710145,"",""
"GO_INTRINSIC_COMPONENT_OF_EXTERNAL_SIDE_OF_PLASMA_MEMBRANE",21,0.0952380952380952,0.0476190476190476,"Down",0.244,0.997278079710145,"ENSMUSG00000040471, ENSMUSG00000001827","Ggt6, Folr1"
"GO_SPINDLE_POLE",112,0.00892857142857143,0.125,"Up",0.246,0.997278079710145,"",""
"GO_PROTEINACEOUS_EXTRACELLULAR_MATRIX",337,0.0207715133531157,0.172106824925816,"Up",0.247,0.997278079710145,"ENSMUSG00000001506, ENSMUSG00000024529, ENSMUSG00000020902, ENSMUSG00000041577, ENSMUSG00000020019, ENSMUSG00000036446, ENSMUSG00000028226, ENSMUSG00000042436, ENSMUSG00000026167, ENSMUSG00000029661, ENSMUSG00000027386, ENSMUSG00000038156, ENSMUSG00000029436, ENSMUSG00000034164, ENSMUSG00000050700, ENSMUSG00000053863, ENSMUSG00000021136, ENSMUSG00000019929, ENSMUSG00000070469, ENSMUSG00000026574, ENSMUSG00000026043, ENSMUSG00000036856, ENSMUSG00000032343, ENSMUSG00000030607, ENSMUSG00000041782","Col1a1, Lox, Ntn1, Prelp, Ntn4, Lum, Mmp16, Mfap4, Wnt10a, Col1a2, Fbln7, Spon1, Mmp17, Emid1, Emilin3, Mepe, Smoc1, Dcn, Adamtsl3, Dpt, Col3a1, Wnt4, Impg1, Acan, Lad1"
"GO_SPINDLE_MICROTUBULE",53,0,0.169811320754717,"Up",0.249,0.997278079710145,"",""
"GO_EARLY_ENDOSOME",267,0.0224719101123595,0.0299625468164794,"Down",0.256,0.997278079710145,"ENSMUSG00000028552, ENSMUSG00000039976, ENSMUSG00000037295, ENSMUSG00000045005, ENSMUSG00000068747, ENSMUSG00000063065","Eps15, Tbc1d16, Ldlrap1, Fzd5, Sort1, Mapk3"
"GO_GABA_RECEPTOR_COMPLEX",18,0,0.222222222222222,"Up",0.258,0.997278079710145,"ENSMUSG00000074991","Gabrr3"
"GO_EXTRACELLULAR_MATRIX_COMPONENT",121,0.0330578512396694,0.223140495867769,"Up",0.26,0.997278079710145,"ENSMUSG00000041782, ENSMUSG00000036446, ENSMUSG00000020019, ENSMUSG00000021136, ENSMUSG00000020902, ENSMUSG00000026043, ENSMUSG00000001506, ENSMUSG00000042436, ENSMUSG00000019929, ENSMUSG00000029661","Lad1, Lum, Ntn4, Smoc1, Ntn1, Col3a1, Col1a1, Mfap4, Dcn, Col1a2"
"GO_SPERM_MIDPIECE",12,0.0833333333333333,0,"Down",0.265,0.997278079710145,"",""
"GO_SPERM_FLAGELLUM",52,0.0769230769230769,0.0192307692307692,"Down",0.268,0.997278079710145,"ENSMUSG00000030344, ENSMUSG00000047671","Akap3, Tctex1d4"
"GO_CLATHRIN_COATED_VESICLE",143,0.048951048951049,0.048951048951049,"Down",0.274,0.997278079710145,"ENSMUSG00000028552, ENSMUSG00000037295, ENSMUSG00000045005, ENSMUSG00000068747, ENSMUSG00000001827, ENSMUSG00000032220","Eps15, Ldlrap1, Fzd5, Sort1, Folr1, Myo1e"
"GO_ANAPHASE_PROMOTING_COMPLEX",20,0,0.1,"Up",0.28,0.997278079710145,"",""
"GO_SMN_COMPLEX",11,0,0.0909090909090909,"Up",0.28,0.997278079710145,"",""
"GO_NPBAF_COMPLEX",12,0,0,"Up",0.281,0.997278079710145,"",""
"GO_NUCLEAR_UBIQUITIN_LIGASE_COMPLEX",39,0,0.0512820512820513,"Up",0.282,0.997278079710145,"",""
"GO_BASAL_PART_OF_CELL",49,0.0816326530612245,0.0408163265306122,"Down",0.286,0.997278079710145,"ENSMUSG00000003573, ENSMUSG00000015533, ENSMUSG00000037295","Homer3, Itga2, Ldlrap1"
"GO_CLATHRIN_COATED_VESICLE_MEMBRANE",70,0.0571428571428571,0.0428571428571429,"Down",0.292,0.997278079710145,"ENSMUSG00000028552, ENSMUSG00000037295, ENSMUSG00000045005","Eps15, Ldlrap1, Fzd5"
"GO_SPINDLE",267,0.0149812734082397,0.104868913857678,"Up",0.295,0.997278079710145,"ENSMUSG00000023015, ENSMUSG00000024301, ENSMUSG00000031776, ENSMUSG00000028873, ENSMUSG00000018509","Racgap1, Kifc5b, Arl2bp, Cdca8, Cenpv"
"GO_SPERM_PART",131,0.0534351145038168,0.0152671755725191,"Down",0.297,0.997278079710145,"ENSMUSG00000047671, ENSMUSG00000030344, ENSMUSG00000033949","Tctex1d4, Akap3, Trim36"
"GO_SECRETORY_GRANULE",329,0.0425531914893617,0.0516717325227964,"Down",0.298,0.997278079710145,"ENSMUSG00000033949, ENSMUSG00000040205, ENSMUSG00000028359, ENSMUSG00000004626, ENSMUSG00000047671, ENSMUSG00000030344","Trim36, Cuzd1, Orm3, Stxbp2, Tctex1d4, Akap3"
"GO_CAJAL_BODY",46,0,0.0434782608695652,"Up",0.313,0.997278079710145,"ENSMUSG00000039236, ENSMUSG00000033983","Isg20, Coil"
"GO_ACROSOMAL_VESICLE",86,0.0581395348837209,0.0116279069767442,"Down",0.314,0.997278079710145,"ENSMUSG00000047671, ENSMUSG00000030344, ENSMUSG00000033949","Tctex1d4, Akap3, Trim36"
"GO_CYTOCHROME_COMPLEX",19,0,0,"Down",0.324,0.997278079710145,"",""
"GO_PERICENTRIOLAR_MATERIAL",18,0,0,"Up",0.325,0.997278079710145,"",""
"GO_TRANSCRIPTION_FACTOR_TFTC_COMPLEX",13,0,0,"Up",0.325,0.997278079710145,"",""
"GO_MISMATCH_REPAIR_COMPLEX",10,0,0.1,"Up",0.326,0.997278079710145,"",""
"GO_MHC_CLASS_I_PROTEIN_COMPLEX",5,0,0,"Down",0.327,0.997278079710145,"",""
"GO_ARP2_3_PROTEIN_COMPLEX",10,0,0,"Down",0.328,0.997278079710145,"",""
"GO_MYOSIN_II_COMPLEX",22,0.0454545454545455,0,"Down",0.334,0.997278079710145,"ENSMUSG00000059741","Myl3"
"GO_GEMINI_OF_COILED_BODIES",9,0,0.111111111111111,"Up",0.336,0.997278079710145,"",""
"GO_ENDOCYTIC_VESICLE_LUMEN",15,0,0.133333333333333,"Up",0.339,0.997278079710145,"ENSMUSG00000029657","Hsph1"
"GO_SECRETORY_VESICLE",438,0.04337899543379,0.045662100456621,"Down",0.341,0.997278079710145,"ENSMUSG00000028359, ENSMUSG00000030344, ENSMUSG00000047671, ENSMUSG00000004626, ENSMUSG00000000214, ENSMUSG00000026121, ENSMUSG00000033949, ENSMUSG00000040205","Orm3, Akap3, Tctex1d4, Stxbp2, Th, Sema4c, Trim36, Cuzd1"
"GO_CLATHRIN_COAT_OF_ENDOCYTIC_VESICLE",12,0.166666666666667,0.0833333333333333,"Down",0.343,0.997278079710145,"ENSMUSG00000028552, ENSMUSG00000037295","Eps15, Ldlrap1"
"GO_DNA_PACKAGING_COMPLEX",55,0.0909090909090909,0.0363636363636364,"Down",0.343,0.997278079710145,"ENSMUSG00000060093","Hist1h4a"
"GO_CLATHRIN_COAT",45,0.0666666666666667,0.0444444444444444,"Down",0.343,0.997278079710145,"ENSMUSG00000037295, ENSMUSG00000028552","Ldlrap1, Eps15"
"GO_HOST",11,0,0,"Up",0.344,0.997278079710145,"",""
"GO_ER_TO_GOLGI_TRANSPORT_VESICLE_MEMBRANE",40,0.025,0,"Down",0.348,0.997278079710145,"ENSMUSG00000001827","Folr1"
"GO_CD40_RECEPTOR_COMPLEX",11,0,0,"Down",0.349,0.997278079710145,"",""
"GO_MUSCLE_MYOSIN_COMPLEX",16,0.0625,0,"Down",0.352,0.997278079710145,"ENSMUSG00000059741","Myl3"
"GO_PERICENTRIC_HETEROCHROMATIN",13,0,0,"Up",0.353,0.997278079710145,"",""
"GO_IKAPPAB_KINASE_COMPLEX",10,0,0,"Down",0.353,0.997278079710145,"",""
"GO_TRANSCRIPTIONALLY_ACTIVE_CHROMATIN",17,0,0,"Down",0.357,0.997278079710145,"",""
"GO_PROTEIN_PHOSPHATASE_TYPE_1_COMPLEX",10,0,0,"Down",0.359,0.997278079710145,"",""
"GO_MICROBODY_LUMEN",45,0.0666666666666667,0.0444444444444444,"Down",0.36,0.997278079710145,"ENSMUSG00000027380, ENSMUSG00000027261","Acoxl, Hao1"
"GO_VACUOLAR_LUMEN",104,0.00961538461538462,0.144230769230769,"Up",0.363,0.997278079710145,"ENSMUSG00000019929, ENSMUSG00000026726, ENSMUSG00000032482, ENSMUSG00000032911, ENSMUSG00000025743, ENSMUSG00000000594, ENSMUSG00000030607, ENSMUSG00000041577, ENSMUSG00000036446","Dcn, Cubn, Cspg5, Cspg4, Sdc3, Gm2a, Acan, Prelp, Lum"
"GO_MICROTUBULE_END",21,0,0.142857142857143,"Up",0.365,0.997278079710145,"",""
"GO_POSTSYNAPTIC_MEMBRANE",195,0.0102564102564103,0.194871794871795,"Up",0.374,0.997278079710145,"ENSMUSG00000042846, ENSMUSG00000001986, ENSMUSG00000032017, ENSMUSG00000040490, ENSMUSG00000052581, ENSMUSG00000027577, ENSMUSG00000074991, ENSMUSG00000035109","Lrrtm3, Gria3, Grik4, Lrfn2, Lrrtm4, Chrna4, Gabrr3, Shc4"
"GO_MICROBODY",126,0.0396825396825397,0.0238095238095238,"Down",0.375,0.997278079710145,"ENSMUSG00000027380, ENSMUSG00000027261, ENSMUSG00000000876","Acoxl, Hao1, Pxmp4"
"GO_CHROMOCENTER",13,0,0.0769230769230769,"Up",0.376,0.997278079710145,"ENSMUSG00000028873","Cdca8"
"GO_MICROBODY_PART",92,0.0543478260869565,0.0217391304347826,"Down",0.382,0.997278079710145,"ENSMUSG00000027380, ENSMUSG00000000876, ENSMUSG00000027261","Acoxl, Pxmp4, Hao1"
"GO_BLOOD_MICROPARTICLE",111,0.0540540540540541,0.0630630630630631,"Down",0.385,0.997278079710145,"ENSMUSG00000002588, ENSMUSG00000028359, ENSMUSG00000027249","Pon1, Orm3, F2"
"GO_LAMELLAR_BODY",18,0,0,"Down",0.389,0.997278079710145,"",""
"GO_INTRINSIC_COMPONENT_OF_MITOCHONDRIAL_OUTER_MEMBRANE",21,0,0,"Down",0.391,0.997278079710145,"",""
"GO_HIGH_DENSITY_LIPOPROTEIN_PARTICLE",22,0.0909090909090909,0.0454545454545455,"Down",0.393,0.997278079710145,"ENSMUSG00000002588","Pon1"
"GO_CELL_CELL_ADHERENS_JUNCTION",49,0.0408163265306122,0.0408163265306122,"Down",0.394,0.997278079710145,"ENSMUSG00000005125, ENSMUSG00000055333","Ndrg1, Fat2"
"GO_M_BAND",20,0,0.15,"Up",0.397,0.997278079710145,"",""
"GO_AUTOPHAGOSOME",74,0.0135135135135135,0.0405405405405405,"Down",0.398,0.997278079710145,"",""
"GO_EXON_EXON_JUNCTION_COMPLEX",19,0,0,"Down",0.402,0.997278079710145,"",""
"GO_ANCHORING_JUNCTION",461,0.0455531453362256,0.0650759219088937,"Down",0.403,0.997278079710145,"ENSMUSG00000033088, ENSMUSG00000030352, ENSMUSG00000026796, ENSMUSG00000022565, ENSMUSG00000032220, ENSMUSG00000005125, ENSMUSG00000055322, ENSMUSG00000056632, ENSMUSG00000055333, ENSMUSG00000028059, ENSMUSG00000022438, ENSMUSG00000005087, ENSMUSG00000063065, ENSMUSG00000015533","Triobp, Tspan9, Fam129b, Plec, Myo1e, Ndrg1, Tns1, Dsg3, Fat2, Arhgef2, Parvb, Cd44, Mapk3, Itga2"
"GO_PRERIBOSOME_LARGE_SUBUNIT_PRECURSOR",19,0.0526315789473684,0,"Down",0.404,0.997278079710145,"",""
"GO_KERATIN_FILAMENT",39,0.0256410256410256,0.0512820512820513,"Down",0.405,0.997278079710145,"ENSMUSG00000023043","Krt18"
"GO_COATED_VESICLE",212,0.0330188679245283,0.0377358490566038,"Down",0.405,0.997278079710145,"ENSMUSG00000032220, ENSMUSG00000068747, ENSMUSG00000001827, ENSMUSG00000045005, ENSMUSG00000028552, ENSMUSG00000037295","Myo1e, Sort1, Folr1, Fzd5, Eps15, Ldlrap1"
"GO_LAMELLIPODIUM",163,0.0245398773006135,0.0429447852760736,"Down",0.406,0.997278079710145,"ENSMUSG00000022438","Parvb"
"GO_COATED_MEMBRANE",79,0.0379746835443038,0.0253164556962025,"Down",0.409,0.997278079710145,"ENSMUSG00000028552, ENSMUSG00000037295","Eps15, Ldlrap1"
"GO_SYNAPTIC_MEMBRANE",245,0.00816326530612245,0.187755102040816,"Up",0.411,0.997278079710145,"ENSMUSG00000035109, ENSMUSG00000031253, ENSMUSG00000040490, ENSMUSG00000042846, ENSMUSG00000001986, ENSMUSG00000032172, ENSMUSG00000027577, ENSMUSG00000052581, ENSMUSG00000074991, ENSMUSG00000032420, ENSMUSG00000032017","Shc4, Srpx2, Lrfn2, Lrrtm3, Gria3, Olfm2, Chrna4, Lrrtm4, Gabrr3, Nt5e, Grik4"
"GO_H4_HISTONE_ACETYLTRANSFERASE_COMPLEX",17,0,0,"Up",0.416,0.997278079710145,"",""
"GO_CYTOSOLIC_SMALL_RIBOSOMAL_SUBUNIT",37,0,0.027027027027027,"Down",0.421,0.997278079710145,"",""
"GO_TRANSPORT_VESICLE",310,0.0387096774193548,0.0516129032258065,"Down",0.422,0.997278079710145,"ENSMUSG00000000214, ENSMUSG00000040205, ENSMUSG00000001827, ENSMUSG00000068747, ENSMUSG00000026121, ENSMUSG00000037295","Th, Cuzd1, Folr1, Sort1, Sema4c, Ldlrap1"
"GO_INTRACELLULAR_VESICLE",1173,0.0315430520034101,0.051150895140665,"Down",0.422,0.997278079710145,"ENSMUSG00000028359, ENSMUSG00000047671, ENSMUSG00000037295, ENSMUSG00000039046, ENSMUSG00000045005, ENSMUSG00000028059, ENSMUSG00000033949, ENSMUSG00000004626, ENSMUSG00000000214, ENSMUSG00000026121, ENSMUSG00000068747, ENSMUSG00000030344, ENSMUSG00000028552, ENSMUSG00000032220, ENSMUSG00000001827, ENSMUSG00000037242, ENSMUSG00000040205","Orm3, Tctex1d4, Ldlrap1, Usp6nl, Fzd5, Arhgef2, Trim36, Stxbp2, Th, Sema4c, Sort1, Akap3, Eps15, Myo1e, Folr1, Clic4, Cuzd1"
"GO_EXTRINSIC_COMPONENT_OF_MEMBRANE",242,0.0165289256198347,0.0661157024793388,"Down",0.423,0.997278079710145,"ENSMUSG00000017132","Cyth1"
"GO_T_CELL_RECEPTOR_COMPLEX",19,0.0526315789473684,0,"Down",0.423,0.997278079710145,"",""
"GO_KINESIN_COMPLEX",52,0.0576923076923077,0.230769230769231,"Up",0.424,0.997278079710145,"ENSMUSG00000024301, ENSMUSG00000040714, ENSMUSG00000021375","Kifc5b, Klc3, Kif13a"
"GO_CONDENSED_NUCLEAR_CHROMOSOME",75,0.0266666666666667,0.133333333333333,"Up",0.426,0.997278079710145,"",""
"GO_NEUROMUSCULAR_JUNCTION",52,0,0.0769230769230769,"Up",0.427,0.997278079710145,"ENSMUSG00000026249","Serpine2"
"GO_TOR_COMPLEX",13,0,0,"Down",0.428,0.997278079710145,"",""
"GO_TRANS_GOLGI_NETWORK",175,0.0228571428571429,0.0342857142857143,"Down",0.429,0.997278079710145,"ENSMUSG00000027313, ENSMUSG00000039046","Chac1, Usp6nl"
"GO_CHROMOSOME",767,0.0169491525423729,0.0860495436766623,"Up",0.434,0.997278079710145,"ENSMUSG00000018509, ENSMUSG00000005410, ENSMUSG00000069733, ENSMUSG00000025395, ENSMUSG00000025626, ENSMUSG00000026187, ENSMUSG00000002870, ENSMUSG00000026355, ENSMUSG00000028873, ENSMUSG00000022673, ENSMUSG00000002835, ENSMUSG00000029730, ENSMUSG00000068101, ENSMUSG00000026134","Cenpv, Mcm5, Ube2u, Prim1, Phf6, Xrcc5, Mcm2, Mcm6, Cdca8, Mcm4, Chaf1a, Mcm7, Cenpm, Prim2"
"GO_PROTON_TRANSPORTING_ATP_SYNTHASE_COMPLEX",20,0,0,"Down",0.435,0.997278079710145,"",""
"GO_CONTRACTILE_FIBER",199,0.0402010050251256,0.0703517587939698,"Down",0.439,0.997278079710145,"ENSMUSG00000025172, ENSMUSG00000059741, ENSMUSG00000007122, ENSMUSG00000022438, ENSMUSG00000022565, ENSMUSG00000064179","Ankrd2, Myl3, Casq1, Parvb, Plec, Tnnt1"
"GO_CYTOPLASMIC_SIDE_OF_MEMBRANE",163,0.0306748466257669,0.0552147239263804,"Down",0.44,0.997278079710145,"ENSMUSG00000017132, ENSMUSG00000037295, ENSMUSG00000000214","Cyth1, Ldlrap1, Th"
"GO_AXONAL_GROWTH_CONE",19,0,0.105263157894737,"Up",0.441,0.997278079710145,"ENSMUSG00000020173","Cobl"
"GO_ANCHORED_COMPONENT_OF_PLASMA_MEMBRANE",34,0.147058823529412,0.0882352941176471,"Down",0.442,0.997278079710145,"ENSMUSG00000032098, ENSMUSG00000001827, ENSMUSG00000040471","Treh, Folr1, Ggt6"
"GO_GOLGI_APPARATUS",1315,0.023574144486692,0.070722433460076,"Up",0.442,0.997278079710145,"ENSMUSG00000060002, ENSMUSG00000032911, ENSMUSG00000026994, ENSMUSG00000036446, ENSMUSG00000028226, ENSMUSG00000041372, ENSMUSG00000026156, ENSMUSG00000001036, ENSMUSG00000025743, ENSMUSG00000016918, ENSMUSG00000039959, ENSMUSG00000031952, ENSMUSG00000026726, ENSMUSG00000036856, ENSMUSG00000030657, ENSMUSG00000030283, ENSMUSG00000025359, ENSMUSG00000034612, ENSMUSG00000034164, ENSMUSG00000021375, ENSMUSG00000032482, ENSMUSG00000032382, ENSMUSG00000079056, ENSMUSG00000030607, ENSMUSG00000079445, ENSMUSG00000020641, ENSMUSG00000001506, ENSMUSG00000033906, ENSMUSG00000052920, ENSMUSG00000019929, ENSMUSG00000041577, ENSMUSG00000051359, ENSMUSG00000056394","Chpt1, Cspg4, Galnt3, Lum, Mmp16, B4galnt3, B3gat2, Epn2, Sdc3, Sulf1, Hip1, Chst5, Cubn, Wnt4, Xylt1, St8sia1, Pmel, Chst11, Emid1, Kif13a, Cspg5, Snx1, Kcnip3, Acan, B3gnt7, Rsad2, Col1a1, Zdhhc15, Prkg1, Dcn, Prelp, Ncald, Lig1"
"GO_MOTILE_CILIUM",99,0.0505050505050505,0.0202020202020202,"Down",0.442,0.997278079710145,"ENSMUSG00000047671, ENSMUSG00000030344, ENSMUSG00000076436","Tctex1d4, Akap3, Oxct2a"
"GO_SITE_OF_DOUBLE_STRAND_BREAK",28,0,0.0357142857142857,"Up",0.442,0.997278079710145,"",""
"GO_U1_SNRNP",17,0,0,"Down",0.446,0.997278079710145,"",""
"GO_LATE_ENDOSOME",191,0.0104712041884817,0.0471204188481675,"Down",0.453,0.997278079710145,"ENSMUSG00000063065","Mapk3"
"GO_CELL_CORTEX_REGION",16,0.0625,0.0625,"Up",0.454,0.997278079710145,"ENSMUSG00000000594","Gm2a"
"GO_ER_TO_GOLGI_TRANSPORT_VESICLE",56,0.0178571428571429,0.0178571428571429,"Down",0.455,0.997278079710145,"ENSMUSG00000001827","Folr1"
"GO_PHOSPHATIDYLINOSITOL_3_KINASE_COMPLEX",19,0,0,"Down",0.456,0.997278079710145,"",""
"GO_POSTSYNAPSE",363,0.0165289256198347,0.140495867768595,"Up",0.457,0.997278079710145,"ENSMUSG00000074991, ENSMUSG00000032017, ENSMUSG00000035109, ENSMUSG00000045471, ENSMUSG00000042846, ENSMUSG00000001986, ENSMUSG00000040490, ENSMUSG00000052581, ENSMUSG00000063434, ENSMUSG00000027577","Gabrr3, Grik4, Shc4, Hcrt, Lrrtm3, Gria3, Lrfn2, Lrrtm4, Sorcs3, Chrna4"
"GO_CORTICAL_CYTOSKELETON",77,0.025974025974026,0.025974025974026,"Down",0.457,0.997278079710145,"",""
"GO_OUTER_MITOCHONDRIAL_MEMBRANE_PROTEIN_COMPLEX",11,0,0,"Down",0.457,0.997278079710145,"",""
"GO_ENDOSOME",719,0.0222531293463143,0.0500695410292072,"Down",0.458,0.997278079710145,"ENSMUSG00000068747, ENSMUSG00000063065, ENSMUSG00000039976, ENSMUSG00000025127, ENSMUSG00000005125, ENSMUSG00000037295, ENSMUSG00000045005, ENSMUSG00000001827, ENSMUSG00000028552","Sort1, Mapk3, Tbc1d16, Gcgr, Ndrg1, Ldlrap1, Fzd5, Folr1, Eps15"
"GO_CORTICAL_ACTIN_CYTOSKELETON",56,0.0178571428571429,0.0178571428571429,"Down",0.46,0.997278079710145,"",""
"GO_INTERMEDIATE_FILAMENT",107,0.0373831775700935,0.0560747663551402,"Down",0.464,0.997278079710145,"ENSMUSG00000037295, ENSMUSG00000023043","Ldlrap1, Krt18"
"GO_COSTAMERE",19,0.0526315789473684,0.0526315789473684,"Down",0.466,0.997278079710145,"ENSMUSG00000022565","Plec"
"GO_INTERCELLULAR_BRIDGE",39,0,0.0769230769230769,"Up",0.467,0.997278079710145,"ENSMUSG00000028873","Cdca8"
"GO_INTERSTITIAL_MATRIX",14,0,0.0714285714285714,"Down",0.467,0.997278079710145,"",""
"GO_PROTON_TRANSPORTING_TWO_SECTOR_ATPASE_COMPLEX_CATALYTIC_DOMAIN",16,0,0,"Down",0.47,0.997278079710145,"",""
"GO_INTERMEDIATE_FILAMENT_CYTOSKELETON",147,0.0340136054421769,0.0612244897959184,"Down",0.473,0.997278079710145,"ENSMUSG00000023043, ENSMUSG00000037295, ENSMUSG00000022565","Krt18, Ldlrap1, Plec"
"GO_ACTIN_BASED_CELL_PROJECTION",171,0.0175438596491228,0.0760233918128655,"Down",0.474,0.997278079710145,"ENSMUSG00000037242, ENSMUSG00000034918","Clic4, Cdhr2"
"GO_RESPIRATORY_CHAIN",73,0.0136986301369863,0,"Down",0.477,0.997278079710145,"ENSMUSG00000044894","Uqcrq"
"GO_RUFFLE",149,0.0402684563758389,0.0671140939597315,"Down",0.48,0.997278079710145,"ENSMUSG00000040268, ENSMUSG00000030064, ENSMUSG00000028059","Plekha1, Frmd4b, Arhgef2"
"GO_CELL_SUBSTRATE_JUNCTION",376,0.0425531914893617,0.0664893617021277,"Down",0.484,0.997278079710145,"ENSMUSG00000025064, ENSMUSG00000055322, ENSMUSG00000015533, ENSMUSG00000063065, ENSMUSG00000005087, ENSMUSG00000022438, ENSMUSG00000028059, ENSMUSG00000030352, ENSMUSG00000033088, ENSMUSG00000022565","Col17a1, Tns1, Itga2, Mapk3, Cd44, Parvb, Arhgef2, Tspan9, Triobp, Plec"
"GO_CILIARY_BASAL_BODY",74,0,0.027027027027027,"Up",0.485,0.997278079710145,"ENSMUSG00000001039","B9d1"
"GO_INTRINSIC_COMPONENT_OF_MITOCHONDRIAL_MEMBRANE",42,0,0,"Down",0.49,0.997278079710145,"",""
"GO_CELL_LEADING_EDGE",331,0.0302114803625378,0.054380664652568,"Down",0.492,0.997278079710145,"ENSMUSG00000040268, ENSMUSG00000028059, ENSMUSG00000022438, ENSMUSG00000030064","Plekha1, Arhgef2, Parvb, Frmd4b"
"GO_TRANS_GOLGI_NETWORK_TRANSPORT_VESICLE_MEMBRANE",12,0.166666666666667,0.0833333333333333,"Down",0.493,0.997278079710145,"ENSMUSG00000037295","Ldlrap1"
"GO_MICROTUBULE_PLUS_END",16,0,0.125,"Up",0.493,0.997278079710145,"",""
"GO_CYTOSOLIC_PART",187,0.0213903743315508,0.0267379679144385,"Down",0.494,0.997278079710145,"ENSMUSG00000025271","Pfkfb1"
"GO_CLATHRIN_VESICLE_COAT",22,0.136363636363636,0.0909090909090909,"Down",0.495,0.997278079710145,"ENSMUSG00000037295, ENSMUSG00000028552","Ldlrap1, Eps15"
"GO_LIPID_PARTICLE",58,0.0344827586206897,0.0517241379310345,"Down",0.495,0.997278079710145,"",""
"GO_CYTOSOLIC_LARGE_RIBOSOMAL_SUBUNIT",48,0.0416666666666667,0,"Down",0.495,0.997278079710145,"",""
"GO_TELOMERASE_HOLOENZYME_COMPLEX",19,0,0,"Down",0.495,0.997278079710145,"",""
"GO_POTASSIUM_CHANNEL_COMPLEX",85,0,0.176470588235294,"Up",0.496,0.997278079710145,"ENSMUSG00000033998, ENSMUSG00000061576, ENSMUSG00000051497, ENSMUSG00000079056","Kcnk1, Dpp6, Kcnj16, Kcnip3"
"GO_GLYCOPROTEIN_COMPLEX",21,0,0.142857142857143,"Up",0.496,0.997278079710145,"ENSMUSG00000039539, ENSMUSG00000025909","Sgcz, Sntg1"
"GO_CELL_CORTEX_PART",114,0.0350877192982456,0.0263157894736842,"Down",0.497,0.997278079710145,"ENSMUSG00000059248","Sept9"
"GO_PROTON_TRANSPORTING_TWO_SECTOR_ATPASE_COMPLEX",45,0,0.0222222222222222,"Down",0.497,0.997278079710145,"",""
"GO_PLASMA_MEMBRANE_RECEPTOR_COMPLEX",169,0.0118343195266272,0.136094674556213,"Up",0.499,0.997278079710145,"ENSMUSG00000020723, ENSMUSG00000032172, ENSMUSG00000001986, ENSMUSG00000032017, ENSMUSG00000033998, ENSMUSG00000027577, ENSMUSG00000027087","Cacng4, Olfm2, Gria3, Grik4, Kcnk1, Chrna4, Itgav"
"GO_PROTON_TRANSPORTING_ATP_SYNTHASE_COMPLEX_COUPLING_FACTOR_F_O_",10,0,0,"Down",0.499,0.997278079710145,"",""
"GO_ESCRT_III_COMPLEX",9,0,0,"Down",0.5,0.997278079710145,"",""
"GO_NBAF_COMPLEX",14,0,0,"Up",0.503,0.997278079710145,"",""
"GO_MITOCHONDRIAL_ENVELOPE",617,0.0113452188006483,0.0259319286871961,"Down",0.504,0.997278079710145,"ENSMUSG00000044894, ENSMUSG00000076441, ENSMUSG00000042198","Uqcrq, Ass1, Chchd7"
"GO_90S_PRERIBOSOME",23,0,0,"Down",0.505,0.997278079710145,"",""
"GO_CLATHRIN_SCULPTED_VESICLE",12,0,0,"Down",0.505,0.997278079710145,"",""
"GO_SMALL_RIBOSOMAL_SUBUNIT",60,0,0.0166666666666667,"Down",0.507,0.997278079710145,"",""
"GO_CYTOSOLIC_RIBOSOME",93,0.021505376344086,0.021505376344086,"Down",0.509,0.997278079710145,"",""
"GO_CYTOPLASMIC_UBIQUITIN_LIGASE_COMPLEX",11,0,0,"Up",0.51,0.997278079710145,"",""
"GO_LEADING_EDGE_MEMBRANE",125,0.032,0.112,"Up",0.513,0.997278079710145,"ENSMUSG00000032911, ENSMUSG00000027087, ENSMUSG00000025909, ENSMUSG00000032366","Cspg4, Itgav, Sntg1, Tpm1"
"GO_EXTRINSIC_COMPONENT_OF_PLASMA_MEMBRANE",133,0.0225563909774436,0.0676691729323308,"Down",0.513,0.997278079710145,"ENSMUSG00000017132","Cyth1"
"GO_NUCLEAR_CHROMOSOME",447,0.0246085011185682,0.0805369127516778,"Up",0.517,0.997278079710145,"ENSMUSG00000029730, ENSMUSG00000002835, ENSMUSG00000022673, ENSMUSG00000026355, ENSMUSG00000002870, ENSMUSG00000026187, ENSMUSG00000069733, ENSMUSG00000005410","Mcm7, Chaf1a, Mcm4, Mcm6, Mcm2, Xrcc5, Ube2u, Mcm5"
"GO_BASAL_PLASMA_MEMBRANE",31,0.032258064516129,0.0645161290322581,"Down",0.518,0.997278079710145,"ENSMUSG00000037295","Ldlrap1"
"GO_EXOCYST",17,0,0,"Down",0.518,0.997278079710145,"",""
"GO_PERIKARYON",99,0.0303030303030303,0.161616161616162,"Up",0.522,0.997278079710145,"ENSMUSG00000069763, ENSMUSG00000038676, ENSMUSG00000001986, ENSMUSG00000033998","Tmem100, Ucn, Gria3, Kcnk1"
"GO_DNA_DIRECTED_RNA_POLYMERASE_III_COMPLEX",18,0.0555555555555556,0,"Down",0.524,0.997278079710145,"",""
"GO_VESICLE_MEMBRANE",479,0.0313152400835073,0.0521920668058455,"Down",0.53,0.997278079710145,"ENSMUSG00000000214, ENSMUSG00000026121, ENSMUSG00000028552, ENSMUSG00000037242, ENSMUSG00000001827, ENSMUSG00000040205, ENSMUSG00000037295, ENSMUSG00000045005","Th, Sema4c, Eps15, Clic4, Folr1, Cuzd1, Ldlrap1, Fzd5"
"GO_AXONEME_PART",18,0.111111111111111,0.166666666666667,"Down",0.531,0.997278079710145,"ENSMUSG00000052273","Dnah3"
"GO_PRERIBOSOME",56,0.0178571428571429,0,"Down",0.531,0.997278079710145,"",""
"GO_RIBOSOMAL_SUBUNIT",140,0.0142857142857143,0.00714285714285714,"Down",0.531,0.997278079710145,"",""
"GO_EXCITATORY_SYNAPSE",187,0.0267379679144385,0.13903743315508,"Up",0.532,0.997278079710145,"ENSMUSG00000063434, ENSMUSG00000001986, ENSMUSG00000031253","Sorcs3, Gria3, Srpx2"
"GO_GOLGI_APPARATUS_PART",814,0.0282555282555283,0.0712530712530713,"Up",0.532,0.997278079710145,"ENSMUSG00000030657, ENSMUSG00000030283, ENSMUSG00000034612, ENSMUSG00000021375, ENSMUSG00000041577, ENSMUSG00000051359, ENSMUSG00000019929, ENSMUSG00000036856, ENSMUSG00000025743, ENSMUSG00000016918, ENSMUSG00000031952, ENSMUSG00000028226, ENSMUSG00000041372, ENSMUSG00000026156, ENSMUSG00000032911, ENSMUSG00000026994, ENSMUSG00000036446, ENSMUSG00000060002, ENSMUSG00000030607, ENSMUSG00000079445, ENSMUSG00000032482","Xylt1, St8sia1, Chst11, Kif13a, Prelp, Ncald, Dcn, Wnt4, Sdc3, Sulf1, Chst5, Mmp16, B4galnt3, B3gat2, Cspg4, Galnt3, Lum, Chpt1, Acan, B3gnt7, Cspg5"
"GO_PODOSOME",23,0.0434782608695652,0.0434782608695652,"Down",0.532,0.997278079710145,"ENSMUSG00000032489","Kif9"
"GO_TRANSPORTER_COMPLEX",298,0.023489932885906,0.144295302013423,"Up",0.534,0.997278079710145,"ENSMUSG00000032017, ENSMUSG00000033998, ENSMUSG00000079056, ENSMUSG00000051497, ENSMUSG00000074991, ENSMUSG00000061576, ENSMUSG00000000594, ENSMUSG00000020723, ENSMUSG00000032172, ENSMUSG00000001986, ENSMUSG00000027577, ENSMUSG00000038115","Grik4, Kcnk1, Kcnip3, Kcnj16, Gabrr3, Dpp6, Gm2a, Cacng4, Olfm2, Gria3, Chrna4, Ano2"
"GO_ENDOPLASMIC_RETICULUM_GOLGI_INTERMEDIATE_COMPARTMENT_MEMBRANE",57,0.0350877192982456,0,"Down",0.534,0.997278079710145,"ENSMUSG00000001827","Folr1"
"GO_MITOCHONDRIAL_PROTEIN_COMPLEX",124,0.00806451612903226,0.00806451612903226,"Down",0.536,0.997278079710145,"",""
"GO_VOLTAGE_GATED_SODIUM_CHANNEL_COMPLEX",13,0,0.230769230769231,"Up",0.538,0.997278079710145,"",""
"GO_LARGE_RIBOSOMAL_SUBUNIT",80,0.025,0,"Down",0.541,0.997278079710145,"",""
"GO_TRANS_GOLGI_NETWORK_MEMBRANE",69,0.0144927536231884,0.0434782608695652,"Down",0.543,0.997278079710145,"ENSMUSG00000039046","Usp6nl"
"GO_NEURONAL_CELL_BODY_MEMBRANE",20,0,0.15,"Up",0.544,0.997278079710145,"",""
"GO_SEX_CHROMOSOME",27,0.037037037037037,0.037037037037037,"Up",0.545,0.997278079710145,"",""
"GO_MICROBODY_MEMBRANE",57,0.0350877192982456,0,"Down",0.545,0.997278079710145,"ENSMUSG00000000876","Pxmp4"
"GO_ADA2_GCN5_ADA3_TRANSCRIPTION_ACTIVATOR_COMPLEX",13,0,0,"Up",0.547,0.997278079710145,"",""
"GO_MULTIVESICULAR_BODY",35,0,0.0571428571428571,"Down",0.549,0.997278079710145,"",""
"GO_MICROTUBULE_ORGANIZING_CENTER_PART",131,0.00763358778625954,0.0534351145038168,"Up",0.549,0.997278079710145,"",""
"GO_SECRETORY_GRANULE_MEMBRANE",76,0.0394736842105263,0.0526315789473684,"Down",0.549,0.997278079710145,"ENSMUSG00000040205","Cuzd1"
"GO_TRANSPORT_VESICLE_MEMBRANE",133,0.0601503759398496,0.0526315789473684,"Down",0.55,0.997278079710145,"ENSMUSG00000037295, ENSMUSG00000026121, ENSMUSG00000001827, ENSMUSG00000040205","Ldlrap1, Sema4c, Folr1, Cuzd1"
"GO_MITOCHONDRION",1463,0.0184552289815448,0.0355434039644566,"Down",0.55,0.997278079710145,"ENSMUSG00000062007, ENSMUSG00000030986, ENSMUSG00000041660, ENSMUSG00000076436, ENSMUSG00000042198, ENSMUSG00000037242, ENSMUSG00000028647, ENSMUSG00000038780, ENSMUSG00000063065, ENSMUSG00000022445, ENSMUSG00000032315, ENSMUSG00000000214, ENSMUSG00000076441, ENSMUSG00000048217, ENSMUSG00000007122, ENSMUSG00000044894, ENSMUSG00000032604","Hsh2d, Dhx32, Bbox1, Oxct2a, Chchd7, Clic4, Mycbp, Smurf1, Mapk3, Cyp2d26, Cyp1a1, Th, Ass1, Nags, Casq1, Uqcrq, Qars"
"GO_ENDOPLASMIC_RETICULUM_GOLGI_INTERMEDIATE_COMPARTMENT",96,0.0416666666666667,0.0104166666666667,"Down",0.551,0.997278079710145,"ENSMUSG00000001827","Folr1"
"GO_NEURON_SPINE",116,0,0.0948275862068965,"Up",0.553,0.997278079710145,"ENSMUSG00000001986","Gria3"
"GO_NUCLEAR_MEMBRANE",253,0.0197628458498024,0.0790513833992095,"Up",0.554,0.997278079710145,"ENSMUSG00000029334, ENSMUSG00000005503, ENSMUSG00000031070, ENSMUSG00000043061, ENSMUSG00000009470","Prkg2, Evx1, Mrgprf, Tmem18, Tnpo1"
"GO_SIDE_OF_MEMBRANE",380,0.0368421052631579,0.0578947368421053,"Down",0.554,0.997278079710145,"ENSMUSG00000040471, ENSMUSG00000000214, ENSMUSG00000001827, ENSMUSG00000054134, ENSMUSG00000015533, ENSMUSG00000037295, ENSMUSG00000017132, ENSMUSG00000075254","Ggt6, Th, Folr1, Umodl1, Itga2, Ldlrap1, Cyth1, Heg1"
"GO_MITOCHONDRIAL_MEMBRANE_PART",152,0,0.0131578947368421,"Down",0.555,0.997278079710145,"",""
"GO_CULLIN_RING_UBIQUITIN_LIGASE_COMPLEX",139,0.0143884892086331,0.0719424460431655,"Up",0.557,0.997278079710145,"ENSMUSG00000030598, ENSMUSG00000054978, ENSMUSG00000036782","Fbxo17, Kbtbd13, Klhl13"
"GO_MYELIN_SHEATH",165,0.0121212121212121,0.0181818181818182,"Down",0.558,0.997278079710145,"ENSMUSG00000056569, ENSMUSG00000005125","Mpz, Ndrg1"
"GO_ANCHORED_COMPONENT_OF_MEMBRANE",129,0.0542635658914729,0.131782945736434,"Up",0.559,0.997278079710145,"ENSMUSG00000019278, ENSMUSG00000003617, ENSMUSG00000029436, ENSMUSG00000032420, ENSMUSG00000064293, ENSMUSG00000024114","Dpep1, Cp, Mmp17, Nt5e, Cntn4, Prss41"
"GO_CENTRIOLE",90,0,0.0666666666666667,"Up",0.559,0.997278079710145,"",""
"GO_RECYCLING_ENDOSOME_MEMBRANE",38,0,0.105263157894737,"Down",0.56,0.997278079710145,"ENSMUSG00000005125","Ndrg1"
"GO_RIBOSOME",197,0.0101522842639594,0.0152284263959391,"Down",0.561,0.997278079710145,"",""
"GO_NUCLEAR_OUTER_MEMBRANE",20,0,0.1,"Up",0.562,0.997278079710145,"",""
"GO_INNER_MITOCHONDRIAL_MEMBRANE_PROTEIN_COMPLEX",96,0,0,"Down",0.562,0.997278079710145,"",""
"GO_PROTEIN_LIPID_COMPLEX",35,0.0571428571428571,0.0285714285714286,"Down",0.563,0.997278079710145,"ENSMUSG00000002588","Pon1"
"GO_RIBONUCLEOPROTEIN_COMPLEX",650,0.00615384615384615,0.0138461538461538,"Down",0.563,0.997278079710145,"ENSMUSG00000054003, ENSMUSG00000030986, ENSMUSG00000087166","Tdrd9, Dhx32, L1td1"
"GO_CYTOPLASMIC_VESICLE_PART",555,0.0306306306306306,0.0576576576576577,"Down",0.568,0.997278079710145,"ENSMUSG00000028359, ENSMUSG00000028552, ENSMUSG00000037242, ENSMUSG00000001827, ENSMUSG00000040205, ENSMUSG00000037295, ENSMUSG00000045005, ENSMUSG00000000214, ENSMUSG00000026121","Orm3, Eps15, Clic4, Folr1, Cuzd1, Ldlrap1, Fzd5, Th, Sema4c"
"GO_CHD_TYPE_COMPLEX",17,0,0,"Up",0.568,0.997278079710145,"",""
"GO_CENTROSOME",449,0.0178173719376392,0.0512249443207127,"Up",0.574,0.997278079710145,"ENSMUSG00000031776, ENSMUSG00000021375, ENSMUSG00000001039","Arl2bp, Kif13a, B9d1"
"GO_XY_BODY",15,0.0666666666666667,0,"Up",0.576,0.997278079710145,"",""
"GO_SOMATODENDRITIC_COMPARTMENT",623,0.0208667736757624,0.102728731942215,"Up",0.577,0.997278079710145,"ENSMUSG00000020173, ENSMUSG00000038676, ENSMUSG00000079056, ENSMUSG00000001986, ENSMUSG00000027577, ENSMUSG00000030978, ENSMUSG00000026249, ENSMUSG00000033998, ENSMUSG00000036131, ENSMUSG00000069763, ENSMUSG00000061576, ENSMUSG00000021609","Cobl, Ucn, Kcnip3, Gria3, Chrna4, Rrm1, Serpine2, Kcnk1, Frmd7, Tmem100, Dpp6, Slc6a3"
"GO_PROTEASOME_CORE_COMPLEX",20,0,0,"Down",0.578,0.997278079710145,"",""
"GO_PRESYNAPTIC_MEMBRANE",50,0,0.12,"Up",0.583,0.997278079710145,"ENSMUSG00000032017","Grik4"
"GO_PROTEASOME_COMPLEX",74,0,0,"Down",0.584,0.997278079710145,"",""
"GO_PIGMENT_GRANULE",101,0.0099009900990099,0.0396039603960396,"Down",0.585,0.997278079710145,"ENSMUSG00000000214","Th"
"GO_RECEPTOR_COMPLEX",318,0.0220125786163522,0.110062893081761,"Up",0.591,0.997278079710145,"ENSMUSG00000033998, ENSMUSG00000032017, ENSMUSG00000074991, ENSMUSG00000001986, ENSMUSG00000020723, ENSMUSG00000032172, ENSMUSG00000027087, ENSMUSG00000027577","Kcnk1, Grik4, Gabrr3, Gria3, Cacng4, Olfm2, Itgav, Chrna4"
"GO_PRC1_COMPLEX",12,0,0,"Up",0.591,0.997278079710145,"",""
"GO_ACTIN_FILAMENT",67,0.0298507462686567,0.0597014925373134,"Down",0.598,0.997278079710145,"",""
"GO_SWI_SNF_SUPERFAMILY_TYPE_COMPLEX",70,0,0.0142857142857143,"Up",0.599,0.997278079710145,"",""
"GO_I_BAND",116,0.0431034482758621,0.0775862068965517,"Down",0.601,0.997278079710145,"ENSMUSG00000025172, ENSMUSG00000059741, ENSMUSG00000007122, ENSMUSG00000022438","Ankrd2, Myl3, Casq1, Parvb"
"GO_INTRINSIC_COMPONENT_OF_THE_CYTOPLASMIC_SIDE_OF_THE_PLASMA_MEMBRANE",14,0,0,"Up",0.601,0.997278079710145,"",""
"GO_CILIARY_PLASM",74,0.0810810810810811,0.0540540540540541,"Down",0.602,0.997278079710145,"ENSMUSG00000052273, ENSMUSG00000025900, ENSMUSG00000047671, ENSMUSG00000059248","Dnah3, Rp1, Tctex1d4, Sept9"
"GO_CATION_CHANNEL_COMPLEX",154,0,0.136363636363636,"Up",0.604,0.997278079710145,"ENSMUSG00000079056, ENSMUSG00000020723, ENSMUSG00000033998, ENSMUSG00000051497, ENSMUSG00000061576","Kcnip3, Cacng4, Kcnk1, Kcnj16, Dpp6"
"GO_CELL_BODY",478,0.0230125523012552,0.110878661087866,"Up",0.604,0.997278079710145,"ENSMUSG00000026249, ENSMUSG00000030978, ENSMUSG00000020173, ENSMUSG00000027577, ENSMUSG00000001986, ENSMUSG00000021609, ENSMUSG00000061576, ENSMUSG00000069763, ENSMUSG00000036131, ENSMUSG00000038676, ENSMUSG00000039194, ENSMUSG00000033998","Serpine2, Rrm1, Cobl, Chrna4, Gria3, Slc6a3, Dpp6, Tmem100, Frmd7, Ucn, Rlbp1, Kcnk1"
"GO_VESICLE_COAT",43,0.0697674418604651,0.0465116279069767,"Down",0.604,0.997278079710145,"ENSMUSG00000037295, ENSMUSG00000028552","Ldlrap1, Eps15"
"GO_INTERCALATED_DISC",49,0.0204081632653061,0.0204081632653061,"Down",0.606,0.997278079710145,"",""
"GO_ORGANELLE_ENVELOPE_LUMEN",71,0.0140845070422535,0.0563380281690141,"Down",0.607,0.997278079710145,"ENSMUSG00000042198","Chchd7"
"GO_ENVELOPE",975,0.0143589743589744,0.0430769230769231,"Down",0.607,0.997278079710145,"ENSMUSG00000076441, ENSMUSG00000020458, ENSMUSG00000044894, ENSMUSG00000068747, ENSMUSG00000063065, ENSMUSG00000042198, ENSMUSG00000023809","Ass1, Rtn4, Uqcrq, Sort1, Mapk3, Chchd7, Rps6ka2"
"GO_NUCLEAR_SPECK",182,0.0164835164835165,0.010989010989011,"Down",0.607,0.997278079710145,"ENSMUSG00000016458","Wt1"
"GO_SAGA_COMPLEX",8,0,0.125,"Up",0.609,0.997278079710145,"",""
"GO_NADH_DEHYDROGENASE_COMPLEX",41,0,0,"Down",0.61,0.997278079710145,"",""
"GO_IMMUNOGLOBULIN_COMPLEX",13,0.0769230769230769,0,"Down",0.611,0.997278079710145,"",""
"GO_CYCLIN_DEPENDENT_PROTEIN_KINASE_HOLOENZYME_COMPLEX",30,0,0.0666666666666667,"Up",0.613,0.997278079710145,"ENSMUSG00000049489","Fam58b"
"GO_TRICARBOXYLIC_ACID_CYCLE_ENZYME_COMPLEX",11,0,0.0909090909090909,"Up",0.615,0.997278079710145,"",""
"GO_ORGANELLE_INNER_MEMBRANE",473,0.0126849894291755,0.0338266384778013,"Down",0.616,0.997278079710145,"ENSMUSG00000044894","Uqcrq"
"GO_AXON_INITIAL_SEGMENT",11,0,0.0909090909090909,"Up",0.617,0.997278079710145,"",""
"GO_SECRETORY_GRANULE_LUMEN",75,0.0266666666666667,0.0666666666666667,"Down",0.625,0.997278079710145,"ENSMUSG00000028359","Orm3"
"GO_SYNAPSE",724,0.0151933701657459,0.11878453038674,"Up",0.626,0.997278079710145,"ENSMUSG00000021609, ENSMUSG00000033998, ENSMUSG00000021728, ENSMUSG00000026249, ENSMUSG00000052613, ENSMUSG00000001986, ENSMUSG00000045471, ENSMUSG00000027577, ENSMUSG00000074991, ENSMUSG00000032420, ENSMUSG00000032017, ENSMUSG00000031253, ENSMUSG00000035109, ENSMUSG00000042846, ENSMUSG00000032172, ENSMUSG00000040490, ENSMUSG00000052581, ENSMUSG00000063434","Slc6a3, Kcnk1, Emb, Serpine2, Pcdh15, Gria3, Hcrt, Chrna4, Gabrr3, Nt5e, Grik4, Srpx2, Shc4, Lrrtm3, Olfm2, Lrfn2, Lrrtm4, Sorcs3"
"GO_VACUOLE",1076,0.0213754646840149,0.0557620817843866,"Down",0.626,0.997278079710145,"ENSMUSG00000004626, ENSMUSG00000025127, ENSMUSG00000063065, ENSMUSG00000068747, ENSMUSG00000045005, ENSMUSG00000037295, ENSMUSG00000076441, ENSMUSG00000039976, ENSMUSG00000028552, ENSMUSG00000056569, ENSMUSG00000005125, ENSMUSG00000001827","Stxbp2, Gcgr, Mapk3, Sort1, Fzd5, Ldlrap1, Ass1, Tbc1d16, Eps15, Mpz, Ndrg1, Folr1"
"GO_BAF_TYPE_COMPLEX",23,0,0,"Up",0.629,0.997278079710145,"",""
"GO_MIDBODY",125,0.032,0.104,"Up",0.631,0.997278079710145,"ENSMUSG00000028873, ENSMUSG00000036782, ENSMUSG00000023015, ENSMUSG00000021375, ENSMUSG00000031776","Cdca8, Klhl13, Racgap1, Kif13a, Arl2bp"
"GO_AGGRESOME",30,0.0666666666666667,0.0666666666666667,"Down",0.632,0.997278079710145,"ENSMUSG00000028552, ENSMUSG00000026668","Eps15, Ucma"
"GO_ESCRT_COMPLEX",21,0,0,"Down",0.632,0.997278079710145,"",""
"GO_VACUOLAR_PROTON_TRANSPORTING_V_TYPE_ATPASE_COMPLEX",14,0,0.0714285714285714,"Down",0.635,0.997278079710145,"",""
"GO_PLATELET_ALPHA_GRANULE_MEMBRANE",13,0,0,"Down",0.636,0.997278079710145,"",""
"GO_ROUGH_ENDOPLASMIC_RETICULUM",67,0.0298507462686567,0.0447761194029851,"Up",0.639,0.997278079710145,"ENSMUSG00000045471","Hcrt"
"GO_PHOSPHATASE_COMPLEX",41,0,0.024390243902439,"Down",0.643,0.997278079710145,"",""
"GO_HETEROTRIMERIC_G_PROTEIN_COMPLEX",32,0,0.0625,"Down",0.647,0.997278079710145,"",""
"GO_SAGA_TYPE_COMPLEX",29,0,0.0344827586206897,"Up",0.648,0.997278079710145,"",""
"GO_APICAL_PLASMA_MEMBRANE",280,0.0571428571428571,0.0714285714285714,"Down",0.649,0.997278079710145,"ENSMUSG00000024866, ENSMUSG00000004626, ENSMUSG00000024254, ENSMUSG00000031766, ENSMUSG00000024552, ENSMUSG00000034918, ENSMUSG00000038058, ENSMUSG00000001827","Acy3, Stxbp2, Abcg8, Slc12a3, Slc14a2, Cdhr2, Nod1, Folr1"
"GO_CILIARY_TIP",42,0,0.0714285714285714,"Up",0.65,0.997278079710145,"",""
"GO_VACUOLAR_MEMBRANE",531,0.0169491525423729,0.0470809792843691,"Down",0.653,0.997278079710145,"ENSMUSG00000068747, ENSMUSG00000005125, ENSMUSG00000045005, ENSMUSG00000028552","Sort1, Ndrg1, Fzd5, Eps15"
"GO_PLASMA_MEMBRANE_PROTEIN_COMPLEX",478,0.0146443514644351,0.110878661087866,"Up",0.656,0.997278079710145,"ENSMUSG00000061576, ENSMUSG00000051497, ENSMUSG00000021609, ENSMUSG00000039539, ENSMUSG00000033998, ENSMUSG00000032017, ENSMUSG00000025909, ENSMUSG00000079056, ENSMUSG00000000594, ENSMUSG00000058806, ENSMUSG00000001986, ENSMUSG00000020723, ENSMUSG00000032172, ENSMUSG00000027577, ENSMUSG00000027087","Dpp6, Kcnj16, Slc6a3, Sgcz, Kcnk1, Grik4, Sntg1, Kcnip3, Gm2a, Col13a1, Gria3, Cacng4, Olfm2, Chrna4, Itgav"
"GO_CLATHRIN_COAT_OF_TRANS_GOLGI_NETWORK_VESICLE",10,0.2,0.1,"Down",0.657,0.997278079710145,"ENSMUSG00000037295","Ldlrap1"
"GO_SYNAPSE_PART",585,0.0188034188034188,0.117948717948718,"Up",0.658,0.997278079710145,"ENSMUSG00000027577, ENSMUSG00000001986, ENSMUSG00000045471, ENSMUSG00000021609, ENSMUSG00000031253, ENSMUSG00000035109, ENSMUSG00000052581, ENSMUSG00000063434, ENSMUSG00000032172, ENSMUSG00000042846, ENSMUSG00000040490, ENSMUSG00000032420, ENSMUSG00000074991, ENSMUSG00000032017","Chrna4, Gria3, Hcrt, Slc6a3, Srpx2, Shc4, Lrrtm4, Sorcs3, Olfm2, Lrrtm3, Lrfn2, Nt5e, Gabrr3, Grik4"
"GO_PLASMA_MEMBRANE_REGION",877,0.0433295324971494,0.108323831242873,"Up",0.658,0.997278079710145,"ENSMUSG00000032420, ENSMUSG00000074991, ENSMUSG00000020062, ENSMUSG00000032017, ENSMUSG00000029334, ENSMUSG00000019278, ENSMUSG00000031253, ENSMUSG00000035109, ENSMUSG00000052581, ENSMUSG00000071317, ENSMUSG00000032172, ENSMUSG00000042846, ENSMUSG00000032911, ENSMUSG00000040490, ENSMUSG00000021609, ENSMUSG00000051497, ENSMUSG00000009356, ENSMUSG00000026726, ENSMUSG00000021565, ENSMUSG00000014773, ENSMUSG00000025909, ENSMUSG00000033998, ENSMUSG00000036466, ENSMUSG00000032366, ENSMUSG00000027087, ENSMUSG00000062563, ENSMUSG00000027577, ENSMUSG00000001986, ENSMUSG00000006574","Nt5e, Gabrr3, Slc5a8, Grik4, Prkg2, Dpep1, Srpx2, Shc4, Lrrtm4, Bves, Olfm2, Lrrtm3, Cspg4, Lrfn2, Slc6a3, Kcnj16, Lpo, Cubn, Slc6a19, Dll1, Sntg1, Kcnk1, Megf11, Tpm1, Itgav, Cys1, Chrna4, Gria3, Slc4a1"
"GO_CORNIFIED_ENVELOPE",18,0.0555555555555556,0.111111111111111,"Up",0.659,0.997278079710145,"ENSMUSG00000022123, ENSMUSG00000049128","Scel, Ivl"
"GO_ATPASE_COMPLEX",24,0.0416666666666667,0.0416666666666667,"Down",0.66,0.997278079710145,"ENSMUSG00000024254","Abcg8"
"GO_EXTERNAL_SIDE_OF_PLASMA_MEMBRANE",208,0.0432692307692308,0.0625,"Down",0.662,0.997278079710145,"ENSMUSG00000040471, ENSMUSG00000015533, ENSMUSG00000001827, ENSMUSG00000054134, ENSMUSG00000075254","Ggt6, Itga2, Folr1, Umodl1, Heg1"
"GO_NUCLEAR_MEMBRANE_PART",13,0,0.0769230769230769,"Up",0.664,0.997278079710145,"",""
"GO_NUCLEAR_PORE",67,0,0.0149253731343284,"Up",0.664,0.997278079710145,"",""
"GO_CELL_CELL_CONTACT_ZONE",62,0.032258064516129,0.032258064516129,"Down",0.666,0.997278079710145,"",""
"GO_CUL3_RING_UBIQUITIN_LIGASE_COMPLEX",59,0.0169491525423729,0.11864406779661,"Up",0.668,0.997278079710145,"ENSMUSG00000054978, ENSMUSG00000036782","Kbtbd13, Klhl13"
"GO_IMMUNOLOGICAL_SYNAPSE",31,0,0.032258064516129,"Down",0.669,0.997278079710145,"",""
"GO_MITOCHONDRIAL_PART",854,0.0140515222482436,0.0339578454332553,"Down",0.67,0.997278079710145,"ENSMUSG00000032604, ENSMUSG00000048217, ENSMUSG00000076441, ENSMUSG00000042198, ENSMUSG00000044894, ENSMUSG00000007122","Qars, Nags, Ass1, Chchd7, Uqcrq, Casq1"
"GO_ENDOSOMAL_PART",384,0.015625,0.0546875,"Down",0.671,0.997278079710145,"ENSMUSG00000028552, ENSMUSG00000068747, ENSMUSG00000005125, ENSMUSG00000045005","Eps15, Sort1, Ndrg1, Fzd5"
"GO_RIBONUCLEOPROTEIN_GRANULE",135,0.00740740740740741,0.0222222222222222,"Down",0.671,0.997278079710145,"ENSMUSG00000054003","Tdrd9"
"GO_CIS_GOLGI_NETWORK",38,0,0,"Down",0.673,0.997278079710145,"",""
"GO_SODIUM_POTASSIUM_EXCHANGING_ATPASE_COMPLEX",11,0,0,"Down",0.673,0.997278079710145,"",""
"GO_INTRINSIC_COMPONENT_OF_PLASMA_MEMBRANE",1474,0.0359565807327001,0.109226594301221,"Up",0.676,0.997278079710145,"ENSMUSG00000027087, ENSMUSG00000006574, ENSMUSG00000025359, ENSMUSG00000021728, ENSMUSG00000031790, ENSMUSG00000021565, ENSMUSG00000034177, ENSMUSG00000029231, ENSMUSG00000007480, ENSMUSG00000029377, ENSMUSG00000061576, ENSMUSG00000019489, ENSMUSG00000031555, ENSMUSG00000036832, ENSMUSG00000032911, ENSMUSG00000003617, ENSMUSG00000035431, ENSMUSG00000041771, ENSMUSG00000028226, ENSMUSG00000035580, ENSMUSG00000020062, ENSMUSG00000027577, ENSMUSG00000001986, ENSMUSG00000023972, ENSMUSG00000000594, ENSMUSG00000014773, ENSMUSG00000033998, ENSMUSG00000021609, ENSMUSG00000051497, ENSMUSG00000031070, ENSMUSG00000032172, ENSMUSG00000020723, ENSMUSG00000058806, ENSMUSG00000030108, ENSMUSG00000029436, ENSMUSG00000079056, ENSMUSG00000043999, ENSMUSG00000032482, ENSMUSG00000032017, ENSMUSG00000051207","Itgav, Slc4a1, Pmel, Emb, Mmp15, Slc6a19, Rnf43, Pdgfra, Mc5r, Ereg, Dpp6, Cd70, Adam9, Lpar3, Cspg4, Cp, Sstr1, Slc24a4, Mmp16, Kcnh8, Slc5a8, Chrna4, Gria3, Ptk7, Gm2a, Dll1, Kcnk1, Slc6a3, Kcnj16, Mrgprf, Olfm2, Cacng4, Col13a1, Slc6a13, Mmp17, Kcnip3, Gpr75, Cspg5, Grik4, Mrgprd"
"GO_DENDRITE",429,0.020979020979021,0.0909090909090909,"Up",0.676,0.997278079710145,"ENSMUSG00000038676, ENSMUSG00000033998, ENSMUSG00000079056, ENSMUSG00000020173, ENSMUSG00000001986, ENSMUSG00000027577","Ucn, Kcnk1, Kcnip3, Cobl, Gria3, Chrna4"
"GO_PROTON_TRANSPORTING_TWO_SECTOR_ATPASE_COMPLEX_PROTON_TRANSPORTING_DOMAIN",20,0,0.05,"Down",0.677,0.997278079710145,"",""
"GO_PLATELET_DENSE_GRANULE",18,0.0555555555555556,0.0555555555555556,"Down",0.678,0.997278079710145,"",""
"GO_EXOCYTIC_VESICLE",141,0.0425531914893617,0.0567375886524823,"Down",0.679,0.997278079710145,"ENSMUSG00000026121, ENSMUSG00000000214","Sema4c, Th"
"GO_PHOTORECEPTOR_CONNECTING_CILIUM",31,0.032258064516129,0.0645161290322581,"Up",0.681,0.997278079710145,"",""
"GO_GAMMA_TUBULIN_COMPLEX",18,0,0,"Up",0.681,0.997278079710145,"",""
"GO_INTRACILIARY_TRANSPORT_PARTICLE",28,0.0357142857142857,0.0714285714285714,"Up",0.683,0.997278079710145,"",""
"GO_NUCLEAR_EXOSOME_RNASE_COMPLEX_",14,0,0,"Up",0.685,0.997278079710145,"",""
"GO_BASEMENT_MEMBRANE",89,0.0337078651685393,0.179775280898876,"Up",0.686,0.997278079710145,"ENSMUSG00000020902, ENSMUSG00000021136, ENSMUSG00000041782, ENSMUSG00000020019","Ntn1, Smoc1, Lad1, Ntn4"
"GO_SITE_OF_POLARIZED_GROWTH",138,0.0144927536231884,0.0579710144927536,"Up",0.688,0.997278079710145,"ENSMUSG00000020173, ENSMUSG00000032356, ENSMUSG00000036131","Cobl, Rasgrf1, Frmd7"
"GO_VOLTAGE_GATED_CALCIUM_CHANNEL_COMPLEX",38,0,0.0789473684210526,"Up",0.69,0.997278079710145,"ENSMUSG00000020723","Cacng4"
"GO_PLATELET_ALPHA_GRANULE",71,0.0140845070422535,0.0563380281690141,"Down",0.69,0.997278079710145,"ENSMUSG00000028359","Orm3"
"GO_NUCLEAR_ENVELOPE",375,0.0213333333333333,0.0693333333333333,"Up",0.691,0.997278079710145,"ENSMUSG00000029334, ENSMUSG00000030978, ENSMUSG00000005503, ENSMUSG00000031467, ENSMUSG00000009470, ENSMUSG00000031070, ENSMUSG00000043061, ENSMUSG00000034177","Prkg2, Rrm1, Evx1, Agpat5, Tnpo1, Mrgprf, Tmem18, Rnf43"
"GO_INO80_TYPE_COMPLEX",20,0,0,"Up",0.691,0.997278079710145,"",""
"GO_PHAGOCYTIC_CUP",17,0,0,"Down",0.695,0.997278079710145,"",""
"GO_SODIUM_CHANNEL_COMPLEX",16,0,0.1875,"Up",0.698,0.997278079710145,"",""
"GO_SARCOPLASMIC_RETICULUM_MEMBRANE",35,0.0857142857142857,0.0857142857142857,"Down",0.7,0.997278079710145,"ENSMUSG00000007122","Casq1"
"GO_HEMOGLOBIN_COMPLEX",7,0.142857142857143,0.142857142857143,"Up",0.705,0.997278079710145,"",""
"GO_DENSE_CORE_GRANULE",13,0,0.0769230769230769,"Down",0.705,0.997278079710145,"",""
"GO_EXTRINSIC_COMPONENT_OF_CYTOPLASMIC_SIDE_OF_PLASMA_MEMBRANE",96,0.0104166666666667,0.0729166666666667,"Down",0.712,0.997278079710145,"ENSMUSG00000017132","Cyth1"
"GO_MICROTUBULE_ORGANIZING_CENTER",572,0.0174825174825175,0.0524475524475524,"Up",0.712,0.997278079710145,"ENSMUSG00000024301, ENSMUSG00000001039, ENSMUSG00000021375, ENSMUSG00000031776, ENSMUSG00000030852","Kifc5b, B9d1, Kif13a, Arl2bp, Tacc2"
"GO_TRANSCRIPTIONAL_REPRESSOR_COMPLEX",70,0,0.0285714285714286,"Up",0.712,0.997278079710145,"",""
"GO_HOLO_TFIIH_COMPLEX",12,0,0,"Up",0.715,0.997278079710145,"",""
"GO_CHYLOMICRON",12,0,0,"Down",0.716,0.997278079710145,"",""
"GO_ENDOPLASMIC_RETICULUM",1441,0.0235947258848022,0.0700902151283831,"Up",0.717,0.997278079710145,"ENSMUSG00000058806, ENSMUSG00000001506, ENSMUSG00000038156, ENSMUSG00000032482, ENSMUSG00000079056, ENSMUSG00000026043, ENSMUSG00000020641, ENSMUSG00000045471, ENSMUSG00000031467, ENSMUSG00000029661, ENSMUSG00000023995, ENSMUSG00000024365, ENSMUSG00000027963, ENSMUSG00000100679, ENSMUSG00000005973, ENSMUSG00000030657, ENSMUSG00000025359, ENSMUSG00000045932, ENSMUSG00000034164, ENSMUSG00000069763, ENSMUSG00000034177, ENSMUSG00000016918, ENSMUSG00000026726, ENSMUSG00000031844, ENSMUSG00000036856, ENSMUSG00000038503","Col13a1, Col1a1, Spon1, Cspg5, Kcnip3, Col3a1, Rsad2, Hcrt, Agpat5, Col1a2, Tspo2, Cyp21a1, Extl2, Gm28778, Rcn1, Xylt1, Pmel, Ifit2, Emid1, Tmem100, Rnf43, Sulf1, Cubn, Hsd17b2, Wnt4, Mesdc2"
"GO_TRANSCRIPTION_EXPORT_COMPLEX",12,0,0,"Down",0.719,0.997278079710145,"",""
"GO_RNA_POLYMERASE_II_TRANSCRIPTION_FACTOR_COMPLEX",98,0,0.0102040816326531,"Down",0.722,0.997278079710145,"",""
"GO_TRIGLYCERIDE_RICH_LIPOPROTEIN_PARTICLE",18,0,0.0555555555555556,"Up",0.723,0.997278079710145,"",""
"GO_GLIAL_CELL_PROJECTION",14,0,0.142857142857143,"Down",0.724,0.997278079710145,"",""
"GO_TRANS_GOLGI_NETWORK_TRANSPORT_VESICLE",25,0.12,0.12,"Down",0.725,0.997278079710145,"ENSMUSG00000037295, ENSMUSG00000068747","Ldlrap1, Sort1"
"GO_MAST_CELL_GRANULE",21,0,0.0476190476190476,"Down",0.726,0.997278079710145,"",""
"GO_SMN_SM_PROTEIN_COMPLEX",16,0,0.0625,"Up",0.728,0.997278079710145,"",""
"GO_LYTIC_VACUOLE_MEMBRANE",248,0.0120967741935484,0.0443548387096774,"Down",0.729,0.997278079710145,"ENSMUSG00000068747","Sort1"
"GO_NEURONAL_POSTSYNAPTIC_DENSITY",51,0.0392156862745098,0.0980392156862745,"Up",0.732,0.997278079710145,"ENSMUSG00000063434","Sorcs3"
"GO_INCLUSION_BODY",62,0.032258064516129,0.0483870967741935,"Down",0.732,0.997278079710145,"ENSMUSG00000028552, ENSMUSG00000026668","Eps15, Ucma"
"GO_PRIMARY_CILIUM",194,0.0257731958762887,0.0670103092783505,"Up",0.733,0.997278079710145,"ENSMUSG00000009470, ENSMUSG00000052613, ENSMUSG00000038115, ENSMUSG00000062563, ENSMUSG00000001039","Tnpo1, Pcdh15, Ano2, Cys1, B9d1"
"GO_SPLICEOSOMAL_TRI_SNRNP_COMPLEX",26,0,0,"Down",0.733,0.997278079710145,"",""
"GO_NUCLEOID",39,0.0256410256410256,0.0512820512820513,"Up",0.735,0.997278079710145,"",""
"GO_PROTON_TRANSPORTING_V_TYPE_ATPASE_COMPLEX",23,0,0.0434782608695652,"Down",0.735,0.997278079710145,"",""
"GO_CALCIUM_CHANNEL_COMPLEX",53,0,0.0566037735849057,"Up",0.737,0.997278079710145,"ENSMUSG00000020723","Cacng4"
"GO_NUCLEAR_INNER_MEMBRANE",46,0.0217391304347826,0.0869565217391304,"Up",0.738,0.997278079710145,"",""
"GO_MAIN_AXON",54,0,0.0555555555555556,"Up",0.738,0.997278079710145,"ENSMUSG00000038676","Ucn"
"GO_PROTEIN_DNA_COMPLEX",118,0.0423728813559322,0.0847457627118644,"Up",0.739,0.997278079710145,"ENSMUSG00000026134, ENSMUSG00000025395, ENSMUSG00000079056, ENSMUSG00000026187","Prim2, Prim1, Kcnip3, Xrcc5"
"GO_VERY_LOW_DENSITY_LIPOPROTEIN_PARTICLE",18,0,0.0555555555555556,"Up",0.739,0.997278079710145,"",""
"GO_PRESYNAPTIC_ACTIVE_ZONE",28,0,0.0714285714285714,"Up",0.741,0.997278079710145,"",""
"GO_TRANSCRIPTION_FACTOR_COMPLEX",288,0.00694444444444444,0.0277777777777778,"Down",0.741,0.997278079710145,"",""
"GO_PROTEASOME_ACCESSORY_COMPLEX",23,0,0,"Down",0.741,0.997278079710145,"",""
"GO_PHOTORECEPTOR_DISC_MEMBRANE",16,0.0625,0.1875,"Up",0.745,0.997278079710145,"",""
"GO_INHIBITORY_SYNAPSE",12,0,0.166666666666667,"Up",0.745,0.997278079710145,"",""
"GO_PLATELET_ALPHA_GRANULE_LUMEN",51,0.0196078431372549,0.0588235294117647,"Down",0.746,0.997278079710145,"ENSMUSG00000028359","Orm3"
"GO_AXON_CYTOPLASM",28,0,0.0357142857142857,"Down",0.746,0.997278079710145,"",""
"GO_ACETYLTRANSFERASE_COMPLEX",83,0,0.0120481927710843,"Up",0.746,0.997278079710145,"",""
"GO_PLASMA_MEMBRANE_RAFT",83,0.0240963855421687,0.0843373493975904,"Up",0.747,0.997278079710145,"ENSMUSG00000021609","Slc6a3"
"GO_TRANSFERASE_COMPLEX_TRANSFERRING_PHOSPHORUS_CONTAINING_GROUPS",225,0.0133333333333333,0.0266666666666667,"Up",0.748,0.997278079710145,"ENSMUSG00000049489","Fam58b"
"GO_BLOC_COMPLEX",13,0,0,"Down",0.748,0.997278079710145,"",""
"GO_NEURON_PART",1204,0.0290697674418605,0.0913621262458472,"Up",0.749,0.997278079710145,"ENSMUSG00000052613, ENSMUSG00000069763, ENSMUSG00000036131, ENSMUSG00000025743, ENSMUSG00000061576, ENSMUSG00000063434, ENSMUSG00000036832, ENSMUSG00000035431, ENSMUSG00000032356, ENSMUSG00000020173, ENSMUSG00000040714, ENSMUSG00000073574, ENSMUSG00000027577, ENSMUSG00000064293, ENSMUSG00000045471, ENSMUSG00000001986, ENSMUSG00000026249, ENSMUSG00000030978, ENSMUSG00000033998, ENSMUSG00000021609, ENSMUSG00000030108, ENSMUSG00000079056, ENSMUSG00000001020, ENSMUSG00000038676, ENSMUSG00000032017","Pcdh15, Tmem100, Frmd7, Sdc3, Dpp6, Sorcs3, Lpar3, Sstr1, Rasgrf1, Cobl, Klc3, Grxcr2, Chrna4, Cntn4, Hcrt, Gria3, Serpine2, Rrm1, Kcnk1, Slc6a3, Slc6a13, Kcnip3, S100a4, Ucn, Grik4"
"GO_PML_BODY",92,0.0108695652173913,0.0326086956521739,"Down",0.749,0.997278079710145,"ENSMUSG00000025172","Ankrd2"
"GO_WNT_SIGNALOSOME",11,0,0.0909090909090909,"Up",0.75,0.997278079710145,"",""
"GO_PLATELET_DENSE_TUBULAR_NETWORK",10,0,0,"Up",0.75,0.997278079710145,"",""
"GO_CHROMATOID_BODY",13,0,0.0769230769230769,"Up",0.752,0.997278079710145,"ENSMUSG00000035517","Tdrd7"
"GO_ORGANELLAR_SMALL_RIBOSOMAL_SUBUNIT",25,0,0,"Down",0.752,0.997278079710145,"",""
"GO_APICAL_PART_OF_CELL",344,0.0523255813953488,0.0726744186046512,"Down",0.753,0.997278079710145,"ENSMUSG00000024254, ENSMUSG00000004626, ENSMUSG00000024866, ENSMUSG00000001827, ENSMUSG00000037242, ENSMUSG00000031766, ENSMUSG00000024552, ENSMUSG00000034918, ENSMUSG00000038058","Abcg8, Stxbp2, Acy3, Folr1, Clic4, Slc12a3, Slc14a2, Cdhr2, Nod1"
"GO_HISTONE_METHYLTRANSFERASE_COMPLEX",62,0,0.032258064516129,"Up",0.756,0.997278079710145,"",""
"GO_SMALL_NUCLEAR_RIBONUCLEOPROTEIN_COMPLEX",59,0,0,"Down",0.758,0.997278079710145,"",""
"GO_U4_U6_X_U5_TRI_SNRNP_COMPLEX",21,0,0,"Down",0.758,0.997278079710145,"",""
"GO_SARCOLEMMA",122,0.0327868852459016,0.114754098360656,"Up",0.76,0.997278079710145,"ENSMUSG00000039539, ENSMUSG00000071317","Sgcz, Bves"
"GO_METHYLTRANSFERASE_COMPLEX",80,0,0.025,"Up",0.762,0.997278079710145,"",""
"GO_HETEROCHROMATIN",64,0.03125,0.03125,"Up",0.763,0.997278079710145,"ENSMUSG00000069733","Ube2u"
"GO_INTRINSIC_COMPONENT_OF_MITOCHONDRIAL_INNER_MEMBRANE",15,0,0,"Down",0.763,0.997278079710145,"",""
"GO_DNA_DIRECTED_RNA_POLYMERASE_II_HOLOENZYME",88,0,0.0113636363636364,"Up",0.766,0.997278079710145,"",""
"GO_NEURON_PROJECTION",892,0.0257847533632287,0.0941704035874439,"Up",0.767,0.997278079710145,"ENSMUSG00000021609, ENSMUSG00000036131, ENSMUSG00000033998, ENSMUSG00000025743, ENSMUSG00000027577, ENSMUSG00000001986, ENSMUSG00000064293, ENSMUSG00000040714, ENSMUSG00000079056, ENSMUSG00000038676, ENSMUSG00000001020, ENSMUSG00000032356, ENSMUSG00000035431, ENSMUSG00000020173, ENSMUSG00000036832, ENSMUSG00000030108","Slc6a3, Frmd7, Kcnk1, Sdc3, Chrna4, Gria3, Cntn4, Klc3, Kcnip3, Ucn, S100a4, Rasgrf1, Sstr1, Cobl, Lpar3, Slc6a13"
"GO_NEURON_PROJECTION_MEMBRANE",33,0,0.0909090909090909,"Up",0.767,0.997278079710145,"",""
"GO_PCG_PROTEIN_COMPLEX",43,0,0.0697674418604651,"Up",0.767,0.997278079710145,"",""
"GO_CELL_TRAILING_EDGE",11,0,0,"Down",0.768,0.997278079710145,"",""
"GO_NUCLEAR_PERIPHERY",113,0.0265486725663717,0.0530973451327434,"Up",0.77,0.997278079710145,"ENSMUSG00000009470","Tnpo1"
"GO_MEMBRANE_REGION",1074,0.0409683426443203,0.0986964618249535,"Up",0.771,0.997278079710145,"ENSMUSG00000016918, ENSMUSG00000021565, ENSMUSG00000009356, ENSMUSG00000026726, ENSMUSG00000006574, ENSMUSG00000062563, ENSMUSG00000027087, ENSMUSG00000032366, ENSMUSG00000020062, ENSMUSG00000074991, ENSMUSG00000032420, ENSMUSG00000032911, ENSMUSG00000042846, ENSMUSG00000031253, ENSMUSG00000019278, ENSMUSG00000029334, ENSMUSG00000036466, ENSMUSG00000033998, ENSMUSG00000014773, ENSMUSG00000025909, ENSMUSG00000051497, ENSMUSG00000021609, ENSMUSG00000001986, ENSMUSG00000027577, ENSMUSG00000032017, ENSMUSG00000040490, ENSMUSG00000032172, ENSMUSG00000052581, ENSMUSG00000071317, ENSMUSG00000035109","Sulf1, Slc6a19, Lpo, Cubn, Slc4a1, Cys1, Itgav, Tpm1, Slc5a8, Gabrr3, Nt5e, Cspg4, Lrrtm3, Srpx2, Dpep1, Prkg2, Megf11, Kcnk1, Dll1, Sntg1, Kcnj16, Slc6a3, Gria3, Chrna4, Grik4, Lrfn2, Olfm2, Lrrtm4, Bves, Shc4"
"GO_GOLGI_ASSOCIATED_VESICLE_MEMBRANE",46,0.0434782608695652,0.0652173913043478,"Up",0.772,0.997278079710145,"ENSMUSG00000032482, ENSMUSG00000051359","Cspg5, Ncald"
"GO_CATALYTIC_STEP_2_SPLICEOSOME",82,0,0.0121951219512195,"Up",0.773,0.997278079710145,"",""
"GO_COMPACT_MYELIN",14,0,0,"Up",0.775,0.997278079710145,"",""
"GO_ENDOLYSOSOME_MEMBRANE",11,0,0,"Down",0.775,0.997278079710145,"",""
"GO_ENDOPLASMIC_RETICULUM_PART",1030,0.0233009708737864,0.0679611650485437,"Up",0.776,0.997278079710145,"ENSMUSG00000032482, ENSMUSG00000026043, ENSMUSG00000020641, ENSMUSG00000001506, ENSMUSG00000058806, ENSMUSG00000038156, ENSMUSG00000024365, ENSMUSG00000031467, ENSMUSG00000029661, ENSMUSG00000023995, ENSMUSG00000027963, ENSMUSG00000100679, ENSMUSG00000005973, ENSMUSG00000034177, ENSMUSG00000036856, ENSMUSG00000031844, ENSMUSG00000030657, ENSMUSG00000025359","Cspg5, Col3a1, Rsad2, Col1a1, Col13a1, Spon1, Cyp21a1, Agpat5, Col1a2, Tspo2, Extl2, Gm28778, Rcn1, Rnf43, Wnt4, Hsd17b2, Xylt1, Pmel"
"GO_ORGANELLAR_LARGE_RIBOSOMAL_SUBUNIT",30,0,0,"Down",0.777,0.997278079710145,"",""
"GO_CYTOPLASMIC_STRESS_GRANULE",31,0,0.032258064516129,"Up",0.778,0.997278079710145,"",""
"GO_NONMOTILE_PRIMARY_CILIUM",130,0.0384615384615385,0.0692307692307692,"Up",0.779,0.997278079710145,"ENSMUSG00000038115, ENSMUSG00000052613, ENSMUSG00000001039","Ano2, Pcdh15, B9d1"
"GO_NODE_OF_RANVIER",14,0,0.0714285714285714,"Up",0.78,0.997278079710145,"",""
"GO_ORGANELLAR_RIBOSOME",67,0,0,"Down",0.78,0.997278079710145,"",""
"GO_ENDORIBONUCLEASE_COMPLEX",17,0,0,"Down",0.78,0.997278079710145,"",""
"GO_OXIDOREDUCTASE_COMPLEX",91,0.010989010989011,0.0549450549450549,"Down",0.782,0.997278079710145,"",""
"GO_EXTERNAL_ENCAPSULATING_STRUCTURE",7,0,0,"Down",0.782,0.997278079710145,"",""
"GO_MICROVILLUS_MEMBRANE",18,0.0555555555555556,0.166666666666667,"Down",0.785,0.997278079710145,"ENSMUSG00000034918","Cdhr2"
"GO_EUKARYOTIC_TRANSLATION_INITIATION_FACTOR_3_COMPLEX",15,0,0,"Down",0.787,0.997278079710145,"",""
"GO_CELL_CELL_JUNCTION",357,0.0504201680672269,0.0756302521008403,"Down",0.788,0.997278079710145,"ENSMUSG00000037242, ENSMUSG00000055333, ENSMUSG00000028059, ENSMUSG00000056632, ENSMUSG00000075254, ENSMUSG00000025064, ENSMUSG00000045005, ENSMUSG00000005125, ENSMUSG00000026657, ENSMUSG00000032220, ENSMUSG00000070473","Clic4, Fat2, Arhgef2, Dsg3, Heg1, Col17a1, Fzd5, Ndrg1, Frmd4a, Myo1e, Cldn3"
"GO_CATALYTIC_COMPLEX",957,0.0125391849529781,0.0344827586206897,"Down",0.788,0.997278079710145,"ENSMUSG00000026308, ENSMUSG00000025875, ENSMUSG00000052273, ENSMUSG00000025271, ENSMUSG00000024254","Klhl30, Tspan17, Dnah3, Pfkfb1, Abcg8"
"GO_BASAL_LAMINA",21,0.0952380952380952,0.0952380952380952,"Down",0.791,0.997278079710145,"ENSMUSG00000015647","Lama5"
"GO_EARLY_ENDOSOME_MEMBRANE",97,0.0206185567010309,0.0412371134020619,"Down",0.791,0.997278079710145,"ENSMUSG00000028552, ENSMUSG00000045005","Eps15, Fzd5"
"GO_PROTEASOME_REGULATORY_PARTICLE_BASE_SUBCOMPLEX",12,0,0,"Down",0.793,0.997278079710145,"",""
"GO_SEMAPHORIN_RECEPTOR_COMPLEX",11,0,0,"Up",0.794,0.997278079710145,"",""
"GO_CILIARY_MEMBRANE",73,0.0547945205479452,0.0958904109589041,"Up",0.796,0.997278079710145,"ENSMUSG00000062563","Cys1"
"GO_CYTOSKELETAL_PART",1246,0.0280898876404494,0.0593900481540931,"Down",0.796,0.997278079710145,"ENSMUSG00000040219, ENSMUSG00000023043, ENSMUSG00000025900, ENSMUSG00000037295, ENSMUSG00000028059, ENSMUSG00000052273, ENSMUSG00000047671, ENSMUSG00000064179, ENSMUSG00000059248, ENSMUSG00000032489, ENSMUSG00000059741, ENSMUSG00000028680, ENSMUSG00000023809, ENSMUSG00000005125, ENSMUSG00000037242, ENSMUSG00000033088, ENSMUSG00000032220","Ttc12, Krt18, Rp1, Ldlrap1, Arhgef2, Dnah3, Tctex1d4, Tnnt1, Sept9, Kif9, Myl3, Plk3, Rps6ka2, Ndrg1, Clic4, Triobp, Myo1e"
"GO_CHLORIDE_CHANNEL_COMPLEX",46,0.108695652173913,0.108695652173913,"Up",0.8,0.997278079710145,"ENSMUSG00000074991, ENSMUSG00000038115","Gabrr3, Ano2"
"GO_ENDOCYTIC_VESICLE",232,0.021551724137931,0.0646551724137931,"Down",0.801,0.997278079710145,"ENSMUSG00000045005, ENSMUSG00000037295, ENSMUSG00000032220, ENSMUSG00000028552","Fzd5, Ldlrap1, Myo1e, Eps15"
"GO_CELL_CORTEX",230,0.0260869565217391,0.0478260869565217,"Down",0.801,0.997278079710145,"ENSMUSG00000059248","Sept9"
"GO_TRANSLATION_PREINITIATION_COMPLEX",15,0,0,"Down",0.801,0.997278079710145,"",""
"GO_MICROTUBULE_CYTOSKELETON",975,0.0287179487179487,0.0646153846153846,"Up",0.803,0.997278079710145,"ENSMUSG00000031776, ENSMUSG00000030852, ENSMUSG00000021375, ENSMUSG00000018509, ENSMUSG00000028873, ENSMUSG00000040714, ENSMUSG00000001039, ENSMUSG00000002870, ENSMUSG00000038546, ENSMUSG00000035963, ENSMUSG00000029657, ENSMUSG00000023015, ENSMUSG00000024301","Arl2bp, Tacc2, Kif13a, Cenpv, Cdca8, Klc3, B9d1, Mcm2, Ranbp9, Odf3l2, Hsph1, Racgap1, Kifc5b"
"GO_CATION_TRANSPORTING_ATPASE_COMPLEX",16,0,0.0625,"Up",0.804,0.997278079710145,"ENSMUSG00000000594","Gm2a"
"GO_ROUGH_ENDOPLASMIC_RETICULUM_MEMBRANE",19,0,0,"Down",0.804,0.997278079710145,"",""
"GO_DENDRITE_CYTOPLASM",16,0,0.0625,"Up",0.808,0.997278079710145,"",""
"GO_ACROSOMAL_MEMBRANE",21,0.0476190476190476,0,"Down",0.808,0.997278079710145,"",""
"GO_RNA_POLYMERASE_COMPLEX",113,0.00884955752212389,0.00884955752212389,"Up",0.808,0.997278079710145,"",""
"GO_AXOLEMMA",13,0,0.0769230769230769,"Up",0.81,0.997278079710145,"",""
"GO_INTRACILIARY_TRANSPORT_PARTICLE_B",17,0,0.0588235294117647,"Up",0.812,0.997278079710145,"",""
"GO_SUPRAMOLECULAR_FIBER",540,0.0314814814814815,0.0740740740740741,"Down",0.816,0.997278079710145,"ENSMUSG00000032489, ENSMUSG00000023043, ENSMUSG00000025900, ENSMUSG00000037295, ENSMUSG00000005125, ENSMUSG00000028059, ENSMUSG00000052273, ENSMUSG00000059248","Kif9, Krt18, Rp1, Ldlrap1, Ndrg1, Arhgef2, Dnah3, Sept9"
"GO_TRANSCRIPTION_ELONGATION_FACTOR_COMPLEX",36,0,0.0277777777777778,"Down",0.816,0.997278079710145,"",""
"GO_PHOTORECEPTOR_OUTER_SEGMENT",66,0.0606060606060606,0.0606060606060606,"Down",0.817,0.997278079710145,"ENSMUSG00000025900, ENSMUSG00000067220, ENSMUSG00000024575, ENSMUSG00000056494","Rp1, Cnga1, Pde6a, Cngb3"
"GO_RETROMER_COMPLEX",20,0,0.05,"Down",0.817,0.997278079710145,"",""
"GO_MHC_PROTEIN_COMPLEX",13,0,0.0769230769230769,"Down",0.818,0.997278079710145,"",""
"GO_CYTOSOLIC_PROTEASOME_COMPLEX",11,0,0,"Down",0.818,0.997278079710145,"",""
"GO_INTRINSIC_COMPONENT_OF_GOLGI_MEMBRANE",51,0.0196078431372549,0.0588235294117647,"Up",0.819,0.997278079710145,"ENSMUSG00000030283, ENSMUSG00000031952","St8sia1, Chst5"
"GO_SCF_UBIQUITIN_LIGASE_COMPLEX",32,0.03125,0.03125,"Up",0.819,0.997278079710145,"ENSMUSG00000030598","Fbxo17"
"GO_INTRINSIC_COMPONENT_OF_PEROXISOMAL_MEMBRANE",14,0,0,"Up",0.819,0.997278079710145,"",""
"GO_EXOCYTIC_VESICLE_MEMBRANE",55,0.0545454545454545,0.0727272727272727,"Down",0.823,0.997278079710145,"ENSMUSG00000026121","Sema4c"
"GO_MEMBRANE_MICRODOMAIN",280,0.0214285714285714,0.0678571428571429,"Down",0.825,0.997278079710145,"ENSMUSG00000020099, ENSMUSG00000063065, ENSMUSG00000026475","Unc5b, Mapk3, Rgs16"
"GO_PRONUCLEUS",15,0,0.133333333333333,"Up",0.826,0.997278079710145,"",""
"GO_ORGANELLE_SUBCOMPARTMENT",283,0.0247349823321555,0.049469964664311,"Down",0.826,0.997278079710145,"ENSMUSG00000068747, ENSMUSG00000028680, ENSMUSG00000027313, ENSMUSG00000039046, ENSMUSG00000007122","Sort1, Plk3, Chac1, Usp6nl, Casq1"
"GO_CELL_PROJECTION_PART",880,0.0318181818181818,0.0840909090909091,"Up",0.829,0.997278079710145,"ENSMUSG00000079056, ENSMUSG00000038676, ENSMUSG00000040714, ENSMUSG00000071317, ENSMUSG00000063434, ENSMUSG00000032911, ENSMUSG00000032356, ENSMUSG00000019278, ENSMUSG00000020173, ENSMUSG00000021565, ENSMUSG00000036131, ENSMUSG00000025909, ENSMUSG00000033998, ENSMUSG00000001039, ENSMUSG00000026726, ENSMUSG00000027087, ENSMUSG00000062563, ENSMUSG00000001986, ENSMUSG00000032366","Kcnip3, Ucn, Klc3, Bves, Sorcs3, Cspg4, Rasgrf1, Dpep1, Cobl, Slc6a19, Frmd7, Sntg1, Kcnk1, B9d1, Cubn, Itgav, Cys1, Gria3, Tpm1"
"GO_T_TUBULE",43,0.0232558139534884,0.0930232558139535,"Up",0.83,0.997278079710145,"",""
"GO_LATE_ENDOSOME_MEMBRANE",91,0,0.0659340659340659,"Down",0.832,0.997278079710145,"",""
"GO_LOW_DENSITY_LIPOPROTEIN_PARTICLE",12,0.0833333333333333,0.0833333333333333,"Down",0.837,0.997278079710145,"",""
"GO_PROTEIN_COMPLEX_INVOLVED_IN_CELL_ADHESION",30,0.0333333333333333,0.166666666666667,"Down",0.839,0.997278079710145,"ENSMUSG00000015533","Itga2"
"GO_EUCHROMATIN",29,0.103448275862069,0.0689655172413793,"Down",0.839,0.997278079710145,"ENSMUSG00000020661, ENSMUSG00000025172","Dnmt3a, Ankrd2"
"GO_BLOC_1_COMPLEX",8,0,0,"Down",0.839,0.997278079710145,"",""
"GO_GOLGI_TRANSPORT_COMPLEX",12,0,0,"Down",0.84,0.997278079710145,"",""
"GO_COPI_COATED_VESICLE",22,0,0,"Down",0.844,0.997278079710145,"",""
"GO_INFLAMMASOME_COMPLEX",10,0,0,"Down",0.845,0.997278079710145,"",""
"GO_NUCLEAR_CHROMATIN",246,0.0284552845528455,0.032520325203252,"Down",0.846,0.997278079710145,"ENSMUSG00000020661","Dnmt3a"
"GO_CONNEXON_COMPLEX",18,0,0.0555555555555556,"Down",0.849,0.997278079710145,"",""
"GO_CELL_JUNCTION",1083,0.0332409972299169,0.0997229916897507,"Up",0.851,0.997278079710145,"ENSMUSG00000017386, ENSMUSG00000027577, ENSMUSG00000023972, ENSMUSG00000001672, ENSMUSG00000001986, ENSMUSG00000045471, ENSMUSG00000014773, ENSMUSG00000033998, ENSMUSG00000035109, ENSMUSG00000027386, ENSMUSG00000028906, ENSMUSG00000071317, ENSMUSG00000052581, ENSMUSG00000040490, ENSMUSG00000032172, ENSMUSG00000058806, ENSMUSG00000032017, ENSMUSG00000021728, ENSMUSG00000027087, ENSMUSG00000026413, ENSMUSG00000031253, ENSMUSG00000031555, ENSMUSG00000057315, ENSMUSG00000042846, ENSMUSG00000032911, ENSMUSG00000074991","Traf4, Chrna4, Ptk7, Marveld3, Gria3, Hcrt, Dll1, Kcnk1, Shc4, Fbln7, Epb41, Bves, Lrrtm4, Lrfn2, Olfm2, Col13a1, Grik4, Emb, Itgav, Pkp1, Srpx2, Adam9, Arhgap24, Lrrtm3, Cspg4, Gabrr3"
"GO_AXON",395,0.0177215189873418,0.0886075949367089,"Up",0.851,0.997278079710145,"ENSMUSG00000021609, ENSMUSG00000079056, ENSMUSG00000038676, ENSMUSG00000025743, ENSMUSG00000020173, ENSMUSG00000036832, ENSMUSG00000001986, ENSMUSG00000064293","Slc6a3, Kcnip3, Ucn, Sdc3, Cobl, Lpar3, Gria3, Cntn4"
"GO_A_BAND",32,0.03125,0.09375,"Up",0.852,0.997278079710145,"",""
"GO_U2_SNRNP",18,0,0,"Down",0.853,0.997278079710145,"",""
"GO_CILIARY_BASE",21,0,0,"Down",0.856,0.997278079710145,"",""
"GO_RECYCLING_ENDOSOME",114,0.0175438596491228,0.0614035087719298,"Down",0.857,0.997278079710145,"ENSMUSG00000037295, ENSMUSG00000005125","Ldlrap1, Ndrg1"
"GO_EXTRACELLULAR_SPACE",1176,0.0331632653061225,0.104591836734694,"Up",0.858,0.997278079710145,"ENSMUSG00000019929, ENSMUSG00000029661, ENSMUSG00000026249, ENSMUSG00000025405, ENSMUSG00000041577, ENSMUSG00000025784, ENSMUSG00000001942, ENSMUSG00000051207, ENSMUSG00000026043, ENSMUSG00000046834, ENSMUSG00000020676, ENSMUSG00000001020, ENSMUSG00000038156, ENSMUSG00000022887, ENSMUSG00000050222, ENSMUSG00000033544, ENSMUSG00000096188, ENSMUSG00000001506, ENSMUSG00000047641, ENSMUSG00000009356, ENSMUSG00000019489, ENSMUSG00000036856, ENSMUSG00000036131, ENSMUSG00000016918, ENSMUSG00000029377, ENSMUSG00000020473, ENSMUSG00000029718, ENSMUSG00000006763, ENSMUSG00000052613, ENSMUSG00000043430, ENSMUSG00000026167, ENSMUSG00000006574, ENSMUSG00000026574, ENSMUSG00000022877, ENSMUSG00000003617, ENSMUSG00000019278, ENSMUSG00000031253, ENSMUSG00000031555, ENSMUSG00000036446, ENSMUSG00000024529","Dcn, Col1a2, Serpine2, Inhbc, Prelp, Clec3b, Siae, Mrgprd, Col3a1, Krt1, Ccl11, S100a4, Spon1, Masp1, Il17d, Angptl1, Cmtm4, Col1a1, Krt83, Lpo, Cd70, Wnt4, Frmd7, Sulf1, Ereg, Aebp1, Pcolce, Saal1, Pcdh15, Psapl1, Wnt10a, Slc4a1, Dpt, Hrg, Cp, Dpep1, Srpx2, Adam9, Lum, Lox"
"GO_CYTOSKELETON",1729,0.0312319259687681,0.0618854829381145,"Down",0.858,0.997278079710145,"ENSMUSG00000041729, ENSMUSG00000028680, ENSMUSG00000059741, ENSMUSG00000032489, ENSMUSG00000045664, ENSMUSG00000037242, ENSMUSG00000022438, ENSMUSG00000005125, ENSMUSG00000023809, ENSMUSG00000026657, ENSMUSG00000032220, ENSMUSG00000022565, ENSMUSG00000033088, ENSMUSG00000030064, ENSMUSG00000063065, ENSMUSG00000055322, ENSMUSG00000040219, ENSMUSG00000026796, ENSMUSG00000092519, ENSMUSG00000025900, ENSMUSG00000023043, ENSMUSG00000066007, ENSMUSG00000028059, ENSMUSG00000033949, ENSMUSG00000001657, ENSMUSG00000037295, ENSMUSG00000059248, ENSMUSG00000064179, ENSMUSG00000047671, ENSMUSG00000052273","Coro2b, Plk3, Myl3, Kif9, Cdc42ep2, Clic4, Parvb, Ndrg1, Rps6ka2, Frmd4a, Myo1e, Plec, Triobp, Frmd4b, Mapk3, Tns1, Ttc12, Fam129b, Actl9, Rp1, Krt18, Zfp600, Arhgef2, Trim36, Hoxc8, Ldlrap1, Sept9, Tnnt1, Tctex1d4, Dnah3"
"GO_N_TERMINAL_PROTEIN_ACETYLTRANSFERASE_COMPLEX",9,0,0,"Down",0.858,0.997278079710145,"",""
"GO_LATERAL_ELEMENT",10,0.1,0.1,"Up",0.859,0.997278079710145,"",""
"GO_U12_TYPE_SPLICEOSOMAL_COMPLEX",25,0,0,"Down",0.863,0.997278079710145,"",""
"GO_DNA_DIRECTED_RNA_POLYMERASE_I_COMPLEX",13,0,0,"Down",0.864,0.997278079710145,"",""
"GO_AXONEMAL_DYNEIN_COMPLEX",11,0.181818181818182,0.272727272727273,"Down",0.865,0.997278079710145,"ENSMUSG00000052273","Dnah3"
"GO_TRANSFERASE_COMPLEX",646,0.00928792569659443,0.0340557275541796,"Up",0.867,0.997278079710145,"ENSMUSG00000069733, ENSMUSG00000054978, ENSMUSG00000049489, ENSMUSG00000036782, ENSMUSG00000030598","Ube2u, Kbtbd13, Fam58b, Klhl13, Fbxo17"
"GO_COPI_COATED_VESICLE_MEMBRANE",16,0,0,"Down",0.868,0.997278079710145,"",""
"GO_BETA_CATENIN_DESTRUCTION_COMPLEX",13,0,0,"Down",0.869,0.997278079710145,"",""
"GO_PLATELET_DENSE_GRANULE_LUMEN",12,0.0833333333333333,0.0833333333333333,"Down",0.87,0.997278079710145,"",""
"GO_PERINUCLEAR_REGION_OF_CYTOPLASM",601,0.0299500831946755,0.0615640599001664,"Down",0.87,0.997278079710145,"ENSMUSG00000023043, ENSMUSG00000027506, ENSMUSG00000028047, ENSMUSG00000068747, ENSMUSG00000015533, ENSMUSG00000059248, ENSMUSG00000005125, ENSMUSG00000026668, ENSMUSG00000045005, ENSMUSG00000037242, ENSMUSG00000035314","Krt18, Tpd52, Thbs3, Sort1, Itga2, Sept9, Ndrg1, Ucma, Fzd5, Clic4, Gdpd5"
"GO_RNAI_EFFECTOR_COMPLEX",7,0,0.142857142857143,"Down",0.872,0.997278079710145,"",""
"GO_CYTOPLASMIC_REGION",274,0.0218978102189781,0.0474452554744526,"Down",0.872,0.997278079710145,"ENSMUSG00000059248","Sept9"
"GO_ESC_E_Z_COMPLEX",16,0,0.125,"Up",0.873,0.997278079710145,"",""
"GO_RUFFLE_MEMBRANE",75,0.0533333333333333,0.106666666666667,"Down",0.873,0.997278079710145,"ENSMUSG00000028059, ENSMUSG00000040268","Arhgef2, Plekha1"
"GO_BASOLATERAL_PLASMA_MEMBRANE",204,0.0490196078431373,0.0784313725490196,"Down",0.874,0.997278079710145,"ENSMUSG00000037295, ENSMUSG00000056569, ENSMUSG00000038058, ENSMUSG00000024948, ENSMUSG00000001827","Ldlrap1, Mpz, Nod1, Map4k2, Folr1"
"GO_NUCLEAR_CYCLIN_DEPENDENT_PROTEIN_KINASE_HOLOENZYME_COMPLEX",15,0,0,"Down",0.874,0.997278079710145,"",""
"GO_DENDRITIC_SHAFT",36,0.0833333333333333,0.111111111111111,"Up",0.876,0.997278079710145,"ENSMUSG00000001986","Gria3"
"GO_METHYLOSOME",12,0,0,"Up",0.876,0.997278079710145,"",""
"GO_DENDRITE_MEMBRANE",18,0,0.111111111111111,"Up",0.878,0.997278079710145,"",""
"GO_NUCLEAR_TRANSCRIPTION_FACTOR_COMPLEX",124,0,0.0241935483870968,"Down",0.878,0.997278079710145,"",""
"GO_PHAGOCYTIC_VESICLE_MEMBRANE",51,0,0.0196078431372549,"Down",0.878,0.997278079710145,"",""
"GO_STEREOCILIUM_BUNDLE",39,0,0.0769230769230769,"Down",0.88,0.997278079710145,"",""
"GO_PHOTORECEPTOR_INNER_SEGMENT",35,0.0571428571428571,0.0571428571428571,"Down",0.88,0.997278079710145,"ENSMUSG00000025900","Rp1"
"GO_NUCLEAR_MATRIX",91,0.032967032967033,0.0549450549450549,"Up",0.88,0.997278079710145,"",""
"GO_CENTRIOLAR_SATELLITE",24,0.0416666666666667,0.0416666666666667,"Up",0.881,0.997278079710145,"",""
"GO_LYTIC_VACUOLE",480,0.01875,0.0708333333333333,"Down",0.883,0.997278079710145,"ENSMUSG00000004626, ENSMUSG00000068747, ENSMUSG00000056569, ENSMUSG00000076441","Stxbp2, Sort1, Mpz, Ass1"
"GO_LUMENAL_SIDE_OF_MEMBRANE",18,0,0.0555555555555556,"Up",0.883,0.997278079710145,"",""
"GO_NUCLEAR_BODY",325,0.0123076923076923,0.0215384615384615,"Down",0.883,0.997278079710145,"ENSMUSG00000016458, ENSMUSG00000025172","Wt1, Ankrd2"
"GO_AXON_PART",205,0.0146341463414634,0.0926829268292683,"Up",0.884,0.997278079710145,"ENSMUSG00000079056, ENSMUSG00000038676, ENSMUSG00000001986, ENSMUSG00000020173","Kcnip3, Ucn, Gria3, Cobl"
"GO_GOLGI_MEMBRANE",643,0.0248833592534992,0.0590979782270607,"Up",0.884,0.997278079710145,"ENSMUSG00000031952, ENSMUSG00000051359, ENSMUSG00000021375, ENSMUSG00000034612, ENSMUSG00000030283, ENSMUSG00000030657, ENSMUSG00000032482, ENSMUSG00000079445, ENSMUSG00000060002, ENSMUSG00000026994, ENSMUSG00000026156, ENSMUSG00000041372","Chst5, Ncald, Kif13a, Chst11, St8sia1, Xylt1, Cspg5, B3gnt7, Chpt1, Galnt3, B3gat2, B4galnt3"
"GO_APICAL_JUNCTION_COMPLEX",118,0.0593220338983051,0.0847457627118644,"Down",0.885,0.997278079710145,"ENSMUSG00000045005, ENSMUSG00000070473, ENSMUSG00000026657, ENSMUSG00000028059","Fzd5, Cldn3, Frmd4a, Arhgef2"
"GO_MICROTUBULE",367,0.0299727520435967,0.0817438692098093,"Up",0.886,0.997278079710145,"ENSMUSG00000021375, ENSMUSG00000035963, ENSMUSG00000029657, ENSMUSG00000023015, ENSMUSG00000040714, ENSMUSG00000024301","Kif13a, Odf3l2, Hsph1, Racgap1, Klc3, Kifc5b"
"GO_VACUOLAR_PART",625,0.016,0.0624,"Down",0.888,0.997278079710145,"ENSMUSG00000068747, ENSMUSG00000028552, ENSMUSG00000005125, ENSMUSG00000045005","Sort1, Eps15, Ndrg1, Fzd5"
"GO_SMALL_SUBUNIT_PROCESSOME",31,0,0,"Down",0.889,0.997278079710145,"",""
"GO_APICAL_DENDRITE",13,0.0769230769230769,0.153846153846154,"Down",0.89,0.997278079710145,"",""
"GO_INTRINSIC_COMPONENT_OF_ORGANELLE_MEMBRANE",233,0.0128755364806867,0.0257510729613734,"Down",0.89,0.997278079710145,"ENSMUSG00000020458","Rtn4"
"GO_VESICLE_LUMEN",94,0.0212765957446809,0.074468085106383,"Down",0.891,0.997278079710145,"ENSMUSG00000028359","Orm3"
"GO_SPLICEOSOMAL_COMPLEX",157,0.00636942675159236,0.00636942675159236,"Down",0.891,0.997278079710145,"ENSMUSG00000030986","Dhx32"
"GO_MLL1_2_COMPLEX",25,0,0,"Up",0.891,0.997278079710145,"",""
"GO_ENDOPLASMIC_RETICULUM_CHAPERONE_COMPLEX",11,0,0,"Down",0.9,0.997278079710145,"",""
"GO_CHROMATIN",372,0.0241935483870968,0.043010752688172,"Up",0.906,0.997278079710145,"ENSMUSG00000002870, ENSMUSG00000069733, ENSMUSG00000029730, ENSMUSG00000002835","Mcm2, Ube2u, Mcm7, Chaf1a"
"GO_PROTEIN_PHOSPHATASE_TYPE_2A_COMPLEX",18,0,0,"Down",0.906,0.997278079710145,"",""
"GO_ENDOPLASMIC_RETICULUM_QUALITY_CONTROL_COMPARTMENT",13,0,0,"Up",0.907,0.997278079710145,"",""
"GO_CCR4_NOT_COMPLEX",13,0,0,"Up",0.907,0.997278079710145,"",""
"GO_CELL_SURFACE",680,0.0308823529411765,0.0882352941176471,"Up",0.91,0.997278079710145,"ENSMUSG00000016918, ENSMUSG00000025743, ENSMUSG00000021609, ENSMUSG00000036856, ENSMUSG00000061576, ENSMUSG00000026726, ENSMUSG00000027577, ENSMUSG00000027087, ENSMUSG00000026249, ENSMUSG00000029680, ENSMUSG00000032482, ENSMUSG00000032420, ENSMUSG00000023015, ENSMUSG00000031555, ENSMUSG00000040490, ENSMUSG00000032911, ENSMUSG00000031253, ENSMUSG00000028226","Sulf1, Sdc3, Slc6a3, Wnt4, Dpp6, Cubn, Chrna4, Itgav, Serpine2, Hyal4, Cspg5, Nt5e, Racgap1, Adam9, Lrfn2, Cspg4, Srpx2, Mmp16"
"GO_TRANSCRIPTION_FACTOR_TFIID_COMPLEX",20,0,0,"Up",0.911,0.997278079710145,"",""
"GO_LATERAL_PLASMA_MEMBRANE",47,0.0425531914893617,0.106382978723404,"Up",0.912,0.997278079710145,"ENSMUSG00000071317","Bves"
"GO_DNA_HELICASE_COMPLEX",13,0,0,"Up",0.914,0.997278079710145,"",""
"GO_PRP19_COMPLEX",12,0,0,"Down",0.914,0.997278079710145,"",""
"GO_MYOSIN_FILAMENT",20,0,0.1,"Up",0.915,0.997278079710145,"",""
"GO_NUCLEAR_HETEROCHROMATIN",31,0.0645161290322581,0.032258064516129,"Up",0.915,0.997278079710145,"",""
"GO_EXTRINSIC_COMPONENT_OF_ORGANELLE_MEMBRANE",25,0,0.08,"Up",0.916,0.997278079710145,"",""
"GO_NUCLEOLAR_PART",59,0,0.0169491525423729,"Down",0.917,0.997278079710145,"",""
"GO_MEMBRANE_PROTEIN_COMPLEX",937,0.0170757737459979,0.0672358591248666,"Down",0.919,0.997278079710145,"ENSMUSG00000037242, ENSMUSG00000037295, ENSMUSG00000052819, ENSMUSG00000034714, ENSMUSG00000028552, ENSMUSG00000015533, ENSMUSG00000056494, ENSMUSG00000024254, ENSMUSG00000004626","Clic4, Ldlrap1, Best2, Ttyh2, Eps15, Itga2, Cngb3, Abcg8, Stxbp2"
"GO_FILAMENTOUS_ACTIN",19,0.0526315789473684,0.0526315789473684,"Down",0.919,0.997278079710145,"",""
"GO_SWI_SNF_COMPLEX",15,0,0,"Up",0.922,0.997278079710145,"",""
"GO_GERM_CELL_NUCLEUS",18,0.111111111111111,0.166666666666667,"Up",0.923,0.997278079710145,"",""
"GO_CILIUM",420,0.0452380952380952,0.0595238095238095,"Down",0.923,0.997278079710145,"ENSMUSG00000028552, ENSMUSG00000030344, ENSMUSG00000047671, ENSMUSG00000052819, ENSMUSG00000052273, ENSMUSG00000024575, ENSMUSG00000059248, ENSMUSG00000025900, ENSMUSG00000076436, ENSMUSG00000056494, ENSMUSG00000023467, ENSMUSG00000067220","Eps15, Akap3, Tctex1d4, Best2, Dnah3, Pde6a, Sept9, Rp1, Oxct2a, Cngb3, Tulp2, Cnga1"
"GO_CARBOXY_TERMINAL_DOMAIN_PROTEIN_KINASE_COMPLEX",22,0,0,"Down",0.923,0.997278079710145,"",""
"GO_CILIARY_PART",278,0.0431654676258993,0.0575539568345324,"Down",0.925,0.997278079710145,"ENSMUSG00000059248, ENSMUSG00000025900, ENSMUSG00000028552, ENSMUSG00000047671, ENSMUSG00000030344, ENSMUSG00000024575, ENSMUSG00000052273, ENSMUSG00000067220","Sept9, Rp1, Eps15, Tctex1d4, Akap3, Pde6a, Dnah3, Cnga1"
"GO_ACETYLCHOLINE_GATED_CHANNEL_COMPLEX",19,0,0.0526315789473684,"Down",0.925,0.997278079710145,"",""
"GO_U5_SNRNP",16,0,0,"Down",0.925,0.997278079710145,"",""
"GO_ENDOCYTIC_VESICLE_MEMBRANE",135,0.0222222222222222,0.0592592592592593,"Down",0.929,0.997278079710145,"ENSMUSG00000045005, ENSMUSG00000028552, ENSMUSG00000037295","Fzd5, Eps15, Ldlrap1"
"GO_EXOSOME_RNASE_COMPLEX_",20,0,0,"Down",0.929,0.997278079710145,"",""
"GO_GOLGI_ASSOCIATED_VESICLE",77,0.038961038961039,0.0649350649350649,"Up",0.93,0.997278079710145,"ENSMUSG00000051359, ENSMUSG00000032482","Ncald, Cspg5"
"GO_PHAGOCYTIC_VESICLE",78,0,0.0256410256410256,"Down",0.932,0.997278079710145,"",""
"GO_TERMINAL_BOUTON",63,0.0158730158730159,0.111111111111111,"Down",0.934,0.997278079710145,"ENSMUSG00000000214","Th"
"GO_NUCLEOPLASM_PART",635,0.0094488188976378,0.0267716535433071,"Up",0.935,0.997278079710145,"ENSMUSG00000029227, ENSMUSG00000069036, ENSMUSG00000033983, ENSMUSG00000001034, ENSMUSG00000039236","Fip1l1, Sry, Coil, Mapk7, Isg20"
"GO_NUCLEAR_EUCHROMATIN",22,0.0454545454545455,0.0454545454545455,"Down",0.936,0.997278079710145,"",""
"GO_MICROTUBULE_ASSOCIATED_COMPLEX",136,0.0441176470588235,0.139705882352941,"Up",0.937,0.997278079710145,"ENSMUSG00000040714, ENSMUSG00000021375, ENSMUSG00000038546, ENSMUSG00000028873, ENSMUSG00000024301","Klc3, Kif13a, Ranbp9, Cdca8, Kifc5b"
"GO_NUCLEAR_OUTER_MEMBRANE_ENDOPLASMIC_RETICULUM_MEMBRANE_NETWORK",882,0.0215419501133787,0.0510204081632653,"Down",0.939,0.997278079710145,"ENSMUSG00000022445, ENSMUSG00000068747, ENSMUSG00000032315, ENSMUSG00000007122, ENSMUSG00000020458, ENSMUSG00000109523, ENSMUSG00000093865, ENSMUSG00000001827","Cyp2d26, Sort1, Cyp1a1, Casq1, Rtn4, Gdf1, Lrit3, Folr1"
"GO_HOPS_COMPLEX",13,0,0,"Down",0.941,0.997278079710145,"",""
"GO_PROTEIN_KINASE_COMPLEX",88,0.0113636363636364,0.0227272727272727,"Up",0.943,0.997278079710145,"ENSMUSG00000049489","Fam58b"
"GO_NUCLEAR_INCLUSION_BODY",10,0,0,"Up",0.943,0.997278079710145,"",""
"GO_CELL_PROJECTION_CYTOPLASM",47,0,0.0425531914893617,"Up",0.944,0.997278079710145,"",""
"GO_CELL_PROJECTION_MEMBRANE",280,0.0464285714285714,0.103571428571429,"Up",0.947,0.997278079710145,"ENSMUSG00000032911, ENSMUSG00000062563, ENSMUSG00000027087, ENSMUSG00000071317, ENSMUSG00000019278, ENSMUSG00000032366, ENSMUSG00000033998, ENSMUSG00000021565, ENSMUSG00000025909, ENSMUSG00000026726","Cspg4, Cys1, Itgav, Bves, Dpep1, Tpm1, Kcnk1, Slc6a19, Sntg1, Cubn"
"GO_CELL_PROJECTION",1663,0.0330727600721588,0.0823812387251954,"Up",0.947,0.997278079710145,"ENSMUSG00000026726, ENSMUSG00000025743, ENSMUSG00000036131, ENSMUSG00000021565, ENSMUSG00000038115, ENSMUSG00000052613, ENSMUSG00000032366, ENSMUSG00000062563, ENSMUSG00000031776, ENSMUSG00000027087, ENSMUSG00000073574, ENSMUSG00000040714, ENSMUSG00000027239, ENSMUSG00000019278, ENSMUSG00000020173, ENSMUSG00000035431, ENSMUSG00000032356, ENSMUSG00000032911, ENSMUSG00000063434, ENSMUSG00000036832, ENSMUSG00000057315, ENSMUSG00000021609, ENSMUSG00000009470, ENSMUSG00000001039, ENSMUSG00000033998, ENSMUSG00000025909, ENSMUSG00000030978, ENSMUSG00000001986, ENSMUSG00000064293, ENSMUSG00000027577, ENSMUSG00000038676, ENSMUSG00000001020, ENSMUSG00000079056, ENSMUSG00000032382, ENSMUSG00000030108, ENSMUSG00000071317","Cubn, Sdc3, Frmd7, Slc6a19, Ano2, Pcdh15, Tpm1, Cys1, Arl2bp, Itgav, Grxcr2, Klc3, Mdk, Dpep1, Cobl, Sstr1, Rasgrf1, Cspg4, Sorcs3, Lpar3, Arhgap24, Slc6a3, Tnpo1, B9d1, Kcnk1, Sntg1, Rrm1, Gria3, Cntn4, Chrna4, Ucn, S100a4, Kcnip3, Snx1, Slc6a13, Bves"
"GO_CYTOPLASMIC_MRNA_PROCESSING_BODY",60,0,0.0166666666666667,"Down",0.948,0.997278079710145,"",""
"GO_MALE_GERM_CELL_NUCLEUS",14,0.142857142857143,0.142857142857143,"Up",0.953,0.998008064516129,"",""
"GO_PRECATALYTIC_SPLICEOSOME",21,0,0,"Down",0.953,0.998008064516129,"",""
"GO_SIN3_TYPE_COMPLEX",16,0,0,"Down",0.957,0.998008064516129,"",""
"GO_PARANODE_REGION_OF_AXON",10,0,0,"Up",0.958,0.998008064516129,"",""
"GO_UBIQUITIN_LIGASE_COMPLEX",243,0.0123456790123457,0.0493827160493827,"Up",0.959,0.998008064516129,"ENSMUSG00000036782, ENSMUSG00000030598, ENSMUSG00000054978, ENSMUSG00000069733","Klhl13, Fbxo17, Kbtbd13, Ube2u"
"GO_INTRINSIC_COMPONENT_OF_ENDOPLASMIC_RETICULUM_MEMBRANE",108,0.0185185185185185,0.0185185185185185,"Down",0.959,0.998008064516129,"ENSMUSG00000020458","Rtn4"
"GO_MHC_CLASS_II_PROTEIN_COMPLEX",8,0,0.125,"Up",0.965,0.9985,"",""
"GO_FILOPODIUM",89,0.0112359550561798,0.0898876404494382,"Down",0.966,0.9985,"",""
"GO_COHESIN_COMPLEX",8,0.125,0,"Down",0.969,0.9985,"ENSMUSG00000002324","Rec8"
"GO_SPERM_PRINCIPAL_PIECE",14,0.0714285714285714,0,"Down",0.971,0.9985,"ENSMUSG00000030344","Akap3"
"GO_COPI_VESICLE_COAT",12,0,0,"Up",0.971,0.9985,"",""
"GO_INVADOPODIUM",11,0,0.0909090909090909,"Down",0.976,0.9985,"",""
"GO_STAGA_COMPLEX",14,0,0,"Up",0.978,0.9985,"",""
"GO_PRESYNAPSE",273,0.021978021978022,0.0952380952380952,"Up",0.979,0.9985,"ENSMUSG00000032017, ENSMUSG00000021609, ENSMUSG00000001986, ENSMUSG00000045471","Grik4, Slc6a3, Gria3, Hcrt"
"GO_DNA_DIRECTED_RNA_POLYMERASE_II_CORE_COMPLEX",14,0,0.0714285714285714,"Down",0.979,0.9985,"",""
"GO_MEDIATOR_COMPLEX",34,0,0,"Up",0.979,0.9985,"",""
"GO_DERLIN_1_RETROTRANSLOCATION_COMPLEX",10,0,0,"Down",0.98,0.9985,"",""
"GO_SMALL_NUCLEOLAR_RIBONUCLEOPROTEIN_COMPLEX",18,0,0,"Down",0.981,0.9985,"",""
"GO_SARCOPLASM",65,0.0615384615384615,0.0769230769230769,"Down",0.99,0.9985,"ENSMUSG00000007122, ENSMUSG00000022565","Casq1, Plec"
"GO_GAP_JUNCTION",28,0,0.0357142857142857,"Up",0.991,0.9985,"",""
"GO_NEURON_PROJECTION_TERMINUS",125,0.032,0.128,"Up",0.992,0.9985,"ENSMUSG00000001986, ENSMUSG00000038676, ENSMUSG00000079056","Gria3, Ucn, Kcnip3"
"GO_CYTOPLASMIC_EXOSOME_RNASE_COMPLEX_",14,0,0,"Up",0.993,0.9985,"",""
"GO_ENDOLYSOSOME",15,0,0.0666666666666667,"Up",0.994,0.9985,"ENSMUSG00000022877","Hrg"
"GO_CUL4_RING_E3_UBIQUITIN_LIGASE_COMPLEX",24,0,0,"Up",0.995,0.9985,"",""
"GO_NUCLEOLUS",777,0.018018018018018,0.0463320463320463,"Up",0.997,0.9985,"ENSMUSG00000002835, ENSMUSG00000028873, ENSMUSG00000018377, ENSMUSG00000039236, ENSMUSG00000030852, ENSMUSG00000025784, ENSMUSG00000025626, ENSMUSG00000033983, ENSMUSG00000026187","Chaf1a, Cdca8, Vezf1, Isg20, Tacc2, Clec3b, Phf6, Coil, Xrcc5"
"GO_MITOCHONDRIAL_MATRIX",380,0.0157894736842105,0.0447368421052632,"Down",0.997,0.9985,"ENSMUSG00000007122, ENSMUSG00000048217, ENSMUSG00000032604","Casq1, Nags, Qars"
"GO_SCHMIDT_LANTERMAN_INCISURE",10,0,0,"Down",0.997,0.9985,"",""
"GO_SYNAPTONEMAL_COMPLEX",32,0.0625,0.125,"Down",0.998,0.9985,"ENSMUSG00000002324","Rec8"
"GO_SIN3_COMPLEX",13,0,0,"Up",0.999,0.999,"",""
